Recording,WindowStart_s,WindowEnd_s,WindowCenter_s,DepthWindow_m,VergenceWindow_deg,NSamples
Walk Indoor,0,5,2.5,0.127524483450092,10.0067079155518,1000
Walk Indoor,1,6,3.5,0.131052657946054,9.73730727785228,999
Walk Indoor,2,7,4.5,0.139434898521461,9.15194125381454,999
Walk Indoor,3,8,5.5,0.142215307938979,8.97301435755104,999
Walk Indoor,4,9,6.5,0.139693486273086,9.13500002072652,999
Walk Indoor,5,10,7.5,0.138806586698521,9.19336776698941,999
Walk Indoor,6,11,8.5,0.143108009423282,8.91704108765556,999
Walk Indoor,7,12,9.5,0.142822020172067,8.93489672294649,999
Walk Indoor,8,13,10.5,0.139424255284054,9.15263988608121,999
Walk Indoor,9,14,11.5,0.139201746158927,9.16727006098814,999
Walk Indoor,10,15,12.5,0.149068183718513,8.56051216408242,999
Walk Indoor,11,16,13.5,0.159942055272401,7.97851924828617,1000
Walk Indoor,12,17,14.5,0.386401113382288,3.30252671590385,999
Walk Indoor,13,18,15.5,0.596350876071556,2.13984761522658,999
Walk Indoor,14,19,16.5,0.687076741254128,1.85728889275268,999
Walk Indoor,15,20,17.5,0.780465976500026,1.63504885340759,999
Walk Indoor,16,21,18.5,0.858045502796965,1.48721716487098,999
Walk Indoor,17,22,19.5,0.969550919206475,1.31617636033435,999
Walk Indoor,18,23,20.5,0.956882042662102,1.33360220288994,999
Walk Indoor,19,24,21.5,0.9411927851864,1.35583274764189,999
Walk Indoor,20,25,22.5,0.832891499274222,1.53213233789994,999
Walk Indoor,21,26,23.5,0.654335791540795,1.9502219143402,999
Walk Indoor,22,27,24.5,0.560501873184582,2.2767096080333,999
Walk Indoor,23,28,25.5,0.560785434606661,2.27555838873573,999
Walk Indoor,24,29,26.5,0.534581841336556,2.38709941364545,999
Walk Indoor,25,30,27.5,0.560785434606661,2.27555838873573,999
Walk Indoor,26,31,28.5,0.667015567572786,1.91314875100085,999
Walk Indoor,27,32,29.5,0.575236430457288,2.21839218225684,1000
Walk Indoor,28,33,30.5,0.416493588002043,3.06391271501097,999
Walk Indoor,29,34,31.5,0.331208944572645,3.85285488484176,999
Walk Indoor,30,35,32.5,0.301920297090525,4.22661216320076,999
Walk Indoor,31,36,33.5,0.272800069003034,4.67778474053761,999
Walk Indoor,32,37,34.5,0.249923741827332,5.10595748394979,999
Walk Indoor,33,38,35.5,0.213569349141088,5.97510834364618,999
Walk Indoor,34,39,36.5,0.185262374470346,6.88806890038139,999
Walk Indoor,35,40,37.5,0.172529704330723,7.3964075053061,999
Walk Indoor,36,41,38.5,0.17440998175463,7.31666838768029,999
Walk Indoor,37,42,39.5,0.177124636416317,7.20453137304191,999
Walk Indoor,38,43,40.5,0.168585174215281,7.56946977138197,1000
Walk Indoor,39,44,41.5,0.170954705770796,7.46455029855044,999
Walk Indoor,40,45,42.5,0.187045905763905,6.82238937435353,999
Walk Indoor,41,46,43.5,0.231347744573159,5.51593879747748,999
Walk Indoor,42,47,44.5,0.398940431064083,3.19872316926187,999
Walk Indoor,43,48,45.5,0.52210821597324,2.44412932215839,997
Walk Indoor,44,49,46.5,0.596498996949029,2.13931625455699,997
Walk Indoor,45,50,47.5,0.489674362269104,2.60601758704841,997
Walk Indoor,46,51,48.5,0.383593558228136,3.3266982008104,997
Walk Indoor,47,52,49.5,0.47498774088249,2.68659565324593,997
Walk Indoor,48,53,50.5,0.492209100858064,2.59259732860564,999
Walk Indoor,49,54,51.5,0.574862331248305,2.21983582961327,999
Walk Indoor,50,55,52.5,0.718060143427839,1.77714918684697,999
Walk Indoor,51,56,53.5,0.738115151063108,1.72886303466611,999
Walk Indoor,52,57,54.5,0.676971619044061,1.88501255311405,999
Walk Indoor,53,58,55.5,0.773807945531436,1.6491172097278,999
Walk Indoor,54,59,56.5,0.75147214858939,1.69813346728626,1000
Walk Indoor,55,60,57.5,0.621952519175375,2.05176433997235,999
Walk Indoor,56,61,58.5,0.608800468175388,2.09608905825015,995
Walk Indoor,57,62,59.5,0.581526342122911,2.19439758367865,969
Walk Indoor,58,63,60.5,0.543679082416279,2.34715676366086,942
Walk Indoor,59,64,61.5,0.516554197358368,2.4704102328149,912
Walk Indoor,60,65,62.5,0.556570688892257,2.29279258453877,888
Walk Indoor,61,66,63.5,0.514133078439917,2.48204279147564,858
Walk Indoor,62,67,64.5,0.506618494360698,2.51886385213265,856
Walk Indoor,63,68,65.5,0.514865428121771,2.47851390153852,856
Walk Indoor,64,69,66.5,0.465262638629059,2.742754836686,858
Walk Indoor,65,70,67.5,0.440918342673876,2.89418699072894,854
Walk Indoor,66,71,68.5,0.483432951764071,2.6396630346934,854
Walk Indoor,67,72,69.5,0.559828570212663,2.27944977541424,852
Walk Indoor,68,73,70.5,0.580140427894639,2.19963984599008,852
Walk Indoor,69,74,71.5,0.622577921375147,2.04970326795617,849
Walk Indoor,70,75,72.5,0.688737017920123,1.85281169270329,845
Walk Indoor,71,76,73.5,0.706134876287895,1.80716203402939,836
Walk Indoor,72,77,74.5,0.78565932132056,1.62424101757352,822
Walk Indoor,73,78,75.5,0.901402647248304,1.41568255196002,825
Walk Indoor,74,79,76.5,0.981273085348111,1.30045372724168,856
Walk Indoor,75,80,77.5,0.904301870170418,1.41114382497021,889
Walk Indoor,76,81,78.5,0.766143010383448,1.6656159264069,931
Walk Indoor,77,82,79.5,0.711236134133961,1.79420018016077,975
Walk Indoor,78,83,80.5,0.641083009177588,1.99053785817385,999
Walk Indoor,79,84,81.5,0.647492989869499,1.97083214793908,999
Walk Indoor,80,85,82.5,0.707832959969964,1.80282647484253,999
Walk Indoor,81,86,83.5,0.804886456870981,1.58544103247032,1000
Walk Indoor,82,87,84.5,0.834461426408982,1.52924983661805,999
Walk Indoor,83,88,85.5,0.838029892680513,1.52273804448464,999
Walk Indoor,84,89,86.5,0.791234776872498,1.61279564207734,999
Walk Indoor,85,90,87.5,0.827489099767259,1.54213511737969,999
Walk Indoor,86,91,88.5,0.804846951761048,1.58551883337301,999
Walk Indoor,87,92,89.5,0.734674718966801,1.73696461821862,1000
Walk Indoor,88,93,90.5,0.749467811856833,1.70267485782801,999
Walk Indoor,89,94,91.5,0.857960530032207,1.48736477757893,998
Walk Indoor,90,95,92.5,0.931563756535328,1.36984721974953,998
Walk Indoor,91,96,93.5,0.900208261308821,1.41756106179479,998
Walk Indoor,92,97,94.5,0.854255472147806,1.49381608796967,998
Walk Indoor,93,98,95.5,0.748799770404925,1.70419399031191,998
Walk Indoor,94,99,96.5,0.703368042361523,1.81427065653361,999
Walk Indoor,95,100,97.5,0.694401672477489,1.83769718676962,999
Walk Indoor,96,101,98.5,0.690475274647397,1.84814727891837,999
Walk Indoor,97,102,99.5,0.703368042361523,1.81427065653361,999
Walk Indoor,98,103,100.5,0.710408850691326,1.79633282520259,1000
Walk Indoor,99,104,101.5,0.437534980389926,2.91656680538492,999
Walk Indoor,100,105,102.5,0.1916262724379,6.65931651106735,999
Walk Indoor,101,106,103.5,0.18712150846511,6.81963292444243,999
Walk Indoor,102,107,104.5,0.190448459977741,6.7005004931473,999
Walk Indoor,103,108,105.5,0.18764452237967,6.80062484007931,999
Walk Indoor,104,109,106.5,0.1961349194816,6.50623562276841,999
Walk Indoor,105,110,107.5,0.19162926048,6.65921267349035,999
Walk Indoor,106,111,108.5,0.173802083890989,7.34225949097589,999
Walk Indoor,107,112,109.5,0.162774699740525,7.83967042810827,999
Walk Indoor,108,113,110.5,0.166749375099215,7.6528022923068,999
Walk Indoor,109,114,111.5,0.155599293411172,8.20119405444793,999
Walk Indoor,110,115,112.5,0.15160641777065,8.41718984436719,999
Walk Indoor,111,116,113.5,0.15775382818189,8.0891856299592,999
Walk Indoor,112,117,114.5,0.157510470449844,8.10168363001842,999
Walk Indoor,113,118,115.5,0.149043804636595,8.56191240629858,999
Walk Indoor,114,119,116.5,0.158104452063128,8.07124717843937,1000
Walk Indoor,115,120,117.5,0.170255161868256,7.49522062060856,999
Walk Indoor,116,121,118.5,0.163538570692501,7.80305217659893,999
Walk Indoor,117,122,119.5,0.167634610579162,7.61238980179091,999
Walk Indoor,118,123,120.5,0.181688603838471,7.02355553975474,999
Walk Indoor,119,124,121.5,0.181084225233637,7.04699704435085,999
Walk Indoor,120,125,122.5,0.176952162770951,7.21155356350067,999
Walk Indoor,121,126,123.5,0.186182035418888,6.85404473707104,999
Walk Indoor,122,127,124.5,0.186182035418888,6.85404473707104,999
Walk Indoor,123,128,125.5,0.175187887409254,7.28417939659788,999
Walk Indoor,124,129,126.5,0.17226297341044,7.40786005684181,999
Walk Indoor,125,130,127.5,0.178672692458578,7.1421099109411,1000
Walk Indoor,126,131,128.5,0.187600580770581,6.80221774771882,999
Walk Indoor,127,132,129.5,0.412525226328746,3.09338658233488,999
Walk Indoor,128,133,130.5,0.492782206273684,2.58958213943965,999
Walk Indoor,129,134,131.5,0.554162447926342,2.30275437243199,999
Walk Indoor,130,135,132.5,0.590157705139578,2.16230337905728,999
Walk Indoor,131,136,133.5,0.619994796907,2.05824307940348,999
Walk Indoor,132,137,134.5,0.709328760490526,1.79902475562605,999
Walk Indoor,133,138,135.5,0.920168309701173,1.38681150670622,999
Walk Indoor,134,139,136.5,1.01406377752093,1.25840211265574,999
Walk Indoor,135,140,137.5,0.907852116349368,1.40562540640586,999
Walk Indoor,136,141,138.5,0.740234983298678,1.72392043236231,1000
Walk Indoor,137,142,139.5,0.345748900193689,3.6908288046184,999
Walk Indoor,138,143,140.5,0.183514383095356,6.95367839008524,999
Walk Indoor,139,144,141.5,0.183514383095356,6.95367839008524,999
Walk Indoor,140,145,142.5,0.185996473688503,6.86088276134282,999
Walk Indoor,141,146,143.5,0.195820514857678,6.51668187537689,999
Walk Indoor,142,147,144.5,0.337908314992273,3.7764681819954,999
Walk Indoor,143,148,145.5,0.607519947831025,2.10050715956891,999
Walk Indoor,144,149,146.5,0.563386409118272,2.26505286486616,999
Walk Indoor,145,150,147.5,0.728644683304977,1.75133371482501,999
Walk Indoor,146,151,148.5,0.740579266755701,1.72311062067709,999
Walk Indoor,147,152,149.5,0.633156419784519,2.01545772912528,999
Walk Indoor,148,153,150.5,0.566012314880407,2.25454458578278,999
Walk Indoor,149,154,151.5,0.570449980164424,2.23700595034149,999
Walk Indoor,150,155,152.5,0.57795284669927,2.20796559319311,999
Walk Indoor,151,156,153.5,0.626592259315745,2.03657159983676,999
Walk Indoor,152,157,154.5,0.641939067136917,1.98788393959161,1000
Walk Indoor,153,158,155.5,0.640595892095131,1.99205148791447,999
Walk Indoor,154,159,156.5,0.618849830952691,2.06205114096178,999
Walk Indoor,155,160,157.5,0.647881464863704,1.96965042095849,999
Walk Indoor,156,161,158.5,0.700769848149142,1.82099729800077,999
Walk Indoor,157,162,159.5,0.749318843880201,1.70301335729389,999
Walk Indoor,158,163,160.5,0.810051538368221,1.57533186415594,999
Walk Indoor,159,164,161.5,0.912848842408151,1.39793133399125,999
Walk Indoor,160,165,162.5,0.842343881320854,1.51493947816061,999
Walk Indoor,161,166,163.5,0.776592216038492,1.64320472655465,999
Walk Indoor,162,167,164.5,0.600472062050983,2.12516131998103,999
Walk Indoor,163,168,165.5,0.469942928418161,2.71543619800751,1000
Walk Indoor,164,169,166.5,0.479289212692227,2.66248429175359,999
Walk Indoor,165,170,167.5,0.670064587225117,1.90444327954206,999
Walk Indoor,166,171,168.5,0.744689876635337,1.71359923108621,999
Walk Indoor,167,172,169.5,0.865973597143826,1.47360150957126,999
Walk Indoor,168,173,170.5,0.849169251450273,1.50276284476927,999
Walk Indoor,169,174,171.5,0.690760749459024,1.84738348407808,999
Walk Indoor,170,175,172.5,0.66139832277496,1.92939709106912,999
Walk Indoor,171,176,173.5,0.680909192339544,1.87411187035886,999
Walk Indoor,172,177,174.5,0.688117160349195,1.85448070987275,999
Walk Indoor,173,178,175.5,0.747485863851962,1.70718947569653,999
Walk Indoor,174,179,176.5,0.788054984986303,1.61930329162759,1000
Walk Indoor,175,180,177.5,0.838323831777445,1.52220413118206,999
Walk Indoor,176,181,178.5,0.813584182625661,1.56849165366228,999
Walk Indoor,177,182,179.5,0.749624489112531,1.70231898575079,999
Walk Indoor,178,183,180.5,0.738563901963189,1.72781257871929,999
Walk Indoor,179,184,181.5,0.821358239257694,1.55364606940971,999
Walk Indoor,180,185,182.5,0.805883425852916,1.58347964365866,999
Walk Indoor,181,186,183.5,0.824501719843211,1.54772266605177,999
Walk Indoor,182,187,184.5,0.898865212884972,1.41967892594738,999
Walk Indoor,183,188,185.5,0.909939073089566,1.40240158680865,999
Walk Indoor,184,189,186.5,0.771669660556627,1.65368688860919,999
Walk Indoor,185,190,187.5,0.725604408686821,1.75867238404737,1000
Walk Indoor,186,191,188.5,0.734458634649401,1.73747021247719,999
Walk Indoor,187,192,189.5,0.666764520522621,1.91386908079598,999
Walk Indoor,188,193,190.5,0.641528239917801,1.98915639343251,999
Walk Indoor,189,194,191.5,0.698491466796968,1.82693713618541,999
Walk Indoor,190,195,192.5,0.707223868200074,1.80437914694218,999
Walk Indoor,191,196,193.5,0.685119249912943,1.86259545350996,999
Walk Indoor,192,197,194.5,0.654673556278482,1.94921573929768,999
Walk Indoor,193,198,195.5,0.5629700039037,2.26672822912655,999
Walk Indoor,194,199,196.5,0.519855985264812,2.45471829924198,999
Walk Indoor,195,200,197.5,0.505955182462157,2.52216015218986,999
Walk Indoor,196,201,198.5,0.475938573987463,2.68122835539196,999
Walk Indoor,197,202,199.5,0.415832604338307,3.06878293497595,999
Walk Indoor,198,203,200.5,0.375513437149904,3.39828052408837,999
Walk Indoor,199,204,201.5,0.407391158810767,3.13237038261979,999
Walk Indoor,200,205,202.5,0.405041893835829,3.15053832457871,998
Walk Indoor,201,206,203.5,0.381208992787562,3.3475075985711,999
Walk Indoor,202,207,204.5,0.452668538639405,2.81906379280733,998
Walk Indoor,203,208,205.5,0.523097523528489,2.43950821897444,998
Walk Indoor,204,209,206.5,0.590355331867669,2.16157969458017,998
Walk Indoor,205,210,207.5,0.70194637389819,1.81794514146901,999
Walk Indoor,206,211,208.5,0.754228594930381,1.69192736602328,999
Walk Indoor,207,212,209.5,0.724891233053279,1.76040203248838,999
Walk Indoor,208,213,210.5,0.592358565051402,2.15426951729695,999
Walk Indoor,209,214,211.5,0.400363879042394,3.18735047490354,999
Walk Indoor,210,215,212.5,0.406113951791808,3.14222152272716,999
Walk Indoor,211,216,213.5,0.433828638294959,2.94148400394993,999
Walk Indoor,212,217,214.5,0.535631714662027,2.38242148695543,1000
Walk Indoor,213,218,215.5,0.611066349145677,2.08831659898159,999
Walk Indoor,214,219,216.5,0.669971190217559,1.90470876753016,999
Walk Indoor,215,220,217.5,0.592301881106975,2.15447568326991,999
Walk Indoor,216,221,218.5,0.595016557731268,2.14464620088158,999
Walk Indoor,217,222,219.5,0.561802733385869,2.27143786273379,999
Walk Indoor,218,223,220.5,0.521894314144635,2.44513106468975,999
Walk Indoor,219,224,221.5,0.528465135901417,2.41472883130374,999
Walk Indoor,220,225,222.5,0.535528504239859,2.38287969715323,999
Walk Indoor,221,226,223.5,0.533866067049725,2.39029988748309,999
Walk Indoor,222,227,224.5,0.532011199875176,2.39863371353725,999
Walk Indoor,223,228,225.5,0.597042472539418,2.13737195517502,1000
Walk Indoor,224,229,226.5,0.602144206485613,2.11925978238319,999
Walk Indoor,225,230,227.5,0.746206697105462,1.71011598388221,999
Walk Indoor,226,231,228.5,0.777984631824591,1.64026376331778,999
Walk Indoor,227,232,229.5,0.768346921206754,1.6608383072529,999
Walk Indoor,228,233,230.5,0.565079865336131,2.25826485472266,999
Walk Indoor,229,234,231.5,0.289899009160686,4.40187775630747,999
Walk Indoor,230,235,232.5,0.215140080010376,5.9314842680102,999
Walk Indoor,231,236,233.5,0.1986112517434,6.42511433163255,999
Walk Indoor,232,237,234.5,0.20217340182867,6.31190843334288,999
Walk Indoor,233,238,235.5,0.196269752484691,6.50176598199732,999
Walk Indoor,234,239,236.5,0.190294740660992,6.70591313016558,999
Walk Indoor,235,240,237.5,0.190156088393473,6.71080274516104,999
Walk Indoor,236,241,238.5,0.18926718133625,6.7423205174324,999
Walk Indoor,237,242,239.5,0.180202350641428,7.08148365133828,999
Walk Indoor,238,243,240.5,0.189351481541882,6.73931880336382,999
Walk Indoor,239,244,241.5,0.196820076097271,6.48358697219984,1000
Walk Indoor,240,245,242.5,0.198315504321692,6.43469608876374,999
Walk Indoor,241,246,243.5,0.202572712841723,6.29946640936316,999
Walk Indoor,242,247,244.5,0.201432894579201,6.33511225992065,999
Walk Indoor,243,248,245.5,0.189556576688389,6.73202704065379,999
Walk Indoor,244,249,246.5,0.191914411384653,6.64931826011918,999
Walk Indoor,245,250,247.5,0.205067182861843,6.22283869213597,999
Walk Indoor,246,251,248.5,0.212082115764972,6.01700900331533,999
Walk Indoor,247,252,249.5,0.215621630576759,5.91823740775267,999
Walk Indoor,248,253,250.5,0.241512747276591,5.2837790733197,999
Walk Indoor,249,254,251.5,0.34084229672024,3.7439602193721,999
Walk Indoor,250,255,252.5,0.330291609610489,3.86357081008574,1000
Walk Indoor,251,256,253.5,0.323018292604871,3.95055026051103,999
Walk Indoor,252,257,254.5,0.364115484192841,3.50465732823424,999
Walk Indoor,253,258,255.5,0.364115484192841,3.50465732823424,999
Walk Indoor,254,259,256.5,0.246931573861197,5.16782839896089,999
Walk Indoor,255,260,257.5,0.258154559545927,4.94316274035428,999
Walk Indoor,256,261,258.5,0.271356409483715,4.70267130386902,999
Walk Indoor,257,262,259.5,0.255643116048247,4.99172447795998,999
Walk Indoor,258,263,260.5,0.247415832489337,5.15771358348701,999
Walk Indoor,259,264,261.5,0.334016512597294,3.82046980275651,999
Walk Indoor,260,265,262.5,0.230612503983747,5.53352475670589,999
Walk Indoor,261,266,263.5,0.21186431505461,6.02319469209534,1000
Walk Indoor,262,267,264.5,0.224594594201226,5.68179303040871,999
Walk Indoor,263,268,265.5,0.214501907662355,5.94913124040229,999
Walk Indoor,264,269,266.5,0.204695886515973,6.23412625294952,999
Walk Indoor,265,270,267.5,0.217690419910671,5.86199429687188,999
Walk Indoor,266,271,268.5,0.208462426242102,6.12148684539428,999
Walk Indoor,267,272,269.5,0.201362185903225,6.33733684542586,999
Walk Indoor,268,273,270.5,0.21048513726108,6.06266084439567,999
Walk Indoor,269,274,271.5,0.209723491250465,6.0846784134258,999
Walk Indoor,270,275,272.5,0.214497877183151,5.94924302635588,999
Walk Indoor,271,276,273.5,0.274454893455675,4.64958006006949,999
Walk Indoor,272,277,274.5,0.468186451799109,2.72562350981389,999
Walk Indoor,273,278,275.5,0.599857823370713,2.12733742944179,999
Walk Indoor,274,279,276.5,0.648368513905501,1.9681708359237,999
Walk Indoor,275,280,277.5,0.684819140161835,1.86341170268465,999
Walk Indoor,276,281,278.5,0.665310610697998,1.91805147773189,999
Walk Indoor,277,282,279.5,0.629690556774459,2.02655248890723,1000
Walk Indoor,278,283,280.5,0.582521829667468,2.19064751741314,999
Walk Indoor,279,284,281.5,0.5641928461726,2.26181527939759,999
Walk Indoor,280,285,282.5,0.558876580147685,2.2833306052345,999
Walk Indoor,281,286,283.5,0.547367800956956,2.33133917955899,999
Walk Indoor,282,287,284.5,0.480853071874967,2.65382520075033,999
Walk Indoor,283,288,285.5,0.406323361814229,3.14060209164993,999
Walk Indoor,284,289,286.5,0.331555151766424,3.84883176509648,999
Walk Indoor,285,290,287.5,0.282172674736051,4.52240813605955,999
Walk Indoor,286,291,288.5,0.277780724819687,4.59391126158354,999
Walk Indoor,287,292,289.5,0.289639268433872,4.40582524220589,999
Walk Indoor,288,293,290.5,0.33724919791097,3.78385693147845,1000
Walk Indoor,289,294,291.5,0.416387264307212,3.06469507928679,999
Walk Indoor,290,295,292.5,0.704532319880643,1.81127247677748,999
Walk Indoor,291,296,293.5,0.866035801526553,1.47349566582655,999
Walk Indoor,292,297,294.5,1.05425427526599,1.21042904917605,999
Walk Indoor,293,298,295.5,1.04821951610696,1.21739767328449,999
Walk Indoor,294,299,296.5,0.914375201173288,1.39559781880041,998
Walk Indoor,295,300,297.5,0.803344557449475,1.58848409206301,998
Walk Indoor,296,301,298.5,0.818416951278262,1.55922972984361,998
Walk Indoor,297,302,299.5,0.787312425029919,1.62083051078094,998
Walk Indoor,298,303,300.5,0.78315429990829,1.62943624328072,998
Walk Indoor,299,304,301.5,0.770035839450699,1.65719695469492,1000
Walk Indoor,300,305,302.5,0.779241081600985,1.63761899896011,999
Walk Indoor,301,306,303.5,0.729308874374969,1.74973875245059,999
Walk Indoor,302,307,304.5,0.702542554967989,1.8164024242747,999
Walk Indoor,303,308,305.5,0.686519313670734,1.85879694873925,998
Walk Indoor,304,309,306.5,0.739226161562821,1.72626466212752,998
Walk Indoor,305,310,307.5,0.655694403683659,1.94618101666144,998
Walk Indoor,306,311,308.5,0.585871623303228,2.17813075919622,998
Walk Indoor,307,312,309.5,0.511607774334734,2.49430471177229,998
Walk Indoor,308,313,310.5,0.472593230201849,2.7002079556979,999
Walk Indoor,309,314,311.5,0.448727988366466,2.8438163722425,999
Walk Indoor,310,315,312.5,0.436551994436385,2.92313412987299,1000
Walk Indoor,311,316,313.5,0.403936209325546,3.15916219080906,999
Walk Indoor,312,317,314.5,0.415496114196874,3.07126819336594,999
Walk Indoor,313,318,315.5,0.444736168414041,2.86934162461007,999
Walk Indoor,314,319,316.5,0.449539758894001,2.8386810615808,999
Walk Indoor,315,320,317.5,0.587116570197334,2.17350363586416,999
Walk Indoor,316,321,318.5,0.597933418021677,2.13418411070267,999
Walk Indoor,317,322,319.5,0.546217671079926,2.33624810687107,999
Walk Indoor,318,323,320.5,0.547053687197482,2.33267781547616,999
Walk Indoor,319,324,321.5,0.613720570105547,2.0792850397381,999
Walk Indoor,320,325,322.5,0.595509985175648,2.14286919072164,999
Walk Indoor,321,326,323.5,0.670620552935728,1.90286443565397,999
Walk Indoor,322,327,324.5,0.769698599758084,1.65792168571059,999
Walk Indoor,323,328,325.5,0.703118629564403,1.81491422121836,999
Walk Indoor,324,329,326.5,0.622306240326711,2.05059810958998,999
Walk Indoor,325,330,327.5,0.528493379645302,2.41459978336238,999
Walk Indoor,326,331,328.5,0.476332631280507,2.67901118832253,1000
Walk Indoor,327,332,329.5,0.479890297238231,2.65914940840429,999
Walk Indoor,328,333,330.5,0.592266977577,2.15460265102168,999
Walk Indoor,329,334,331.5,0.697160179866564,1.83042582874461,999
Walk Indoor,330,335,332.5,0.803541770314192,1.58809416902003,999
Walk Indoor,331,336,333.5,0.854935484339145,1.49262724892792,999
Walk Indoor,332,337,334.5,0.792936404328581,1.60933461124229,999
Walk Indoor,333,338,335.5,0.800578382394937,1.59397259289282,999
Walk Indoor,334,339,336.5,0.723391211636359,1.76405239581689,999
Walk Indoor,335,340,337.5,0.677853219691622,1.88256094819545,999
Walk Indoor,336,341,338.5,0.642524632200702,1.9860717177943,999
Walk Indoor,337,342,339.5,0.677193002858634,1.88439633529567,1000
Walk Indoor,338,343,340.5,0.653863815600847,1.95162963533526,999
Walk Indoor,339,344,341.5,0.71895983761187,1.77492529240403,999
Walk Indoor,340,345,342.5,0.695882413886253,1.83378682164626,999
Walk Indoor,341,346,343.5,0.805846484782781,1.58355223246271,999
Walk Indoor,342,347,344.5,0.81531575255315,1.56516048660155,999
Walk Indoor,343,348,345.5,0.739698620192652,1.7251620662313,999
Walk Indoor,344,349,346.5,0.870060852396926,1.46667902191494,999
Walk Indoor,345,350,347.5,1.00501630902077,1.26973063874293,999
Walk Indoor,346,351,348.5,1.05793536705013,1.20621735480702,999
Walk Indoor,347,352,349.5,1.06032395051136,1.20350011841624,999
Walk Indoor,348,353,350.5,1.07632267634524,1.18561296116093,1000
Walk Indoor,349,354,351.5,1.07153948846942,1.19090338128628,999
Walk Indoor,350,355,352.5,1.09477218453357,1.16563063807077,999
Walk Indoor,351,356,353.5,1.03597418714162,1.23178744783296,999
Walk Indoor,352,357,354.5,1.09908522438054,1.16105646012959,999
Walk Indoor,353,358,355.5,1.13161014306568,1.12768519071672,999
Walk Indoor,354,359,356.5,1.10647380526661,1.15330345394137,994
Walk Indoor,355,360,357.5,0.992755466667063,1.28541221757912,986
Walk Indoor,356,361,358.5,0.854788727480308,1.49288352529187,986
Walk Indoor,357,362,359.5,0.630059183410014,2.02536537828687,986
Walk Indoor,358,363,360.5,0.398127433523923,3.20525513632082,986
Walk Indoor,359,364,361.5,0.334574937783985,3.81409324478202,980
Walk Indoor,360,365,362.5,0.337998082172294,3.77546520914728,979
Walk Indoor,361,366,363.5,0.314642335611983,4.05571616719891,964
Read,0,5,2.5,0.231038800808227,7.37451888800053,1000
Read,1,6,3.5,0.231889650332342,7.34746030087211,999
Read,2,7,4.5,0.226733584602188,7.51454621506284,999
Read,3,8,5.5,0.226733584602188,7.51454621506284,999
Read,4,9,6.5,0.25383118919886,6.71233509710735,999
Read,5,10,7.5,0.414762722178179,4.10789087083882,999
Read,6,11,8.5,0.625775849056387,2.72270015304869,999
Read,7,12,9.5,0.93832843375319,1.81578212778337,999
Read,8,13,10.5,1.0764426173113,1.58280615482848,999
Read,9,14,11.5,1.06599804611121,1.5983143742294,999
Read,10,15,12.5,0.961925385535073,1.771239251631,999
Read,11,16,13.5,0.915304192471056,1.86149618243806,1000
Read,12,17,14.5,0.759501222697778,2.24331436090127,999
Read,13,18,15.5,0.605854894288572,2.81222453769346,999
Read,14,19,16.5,0.562188833787717,3.03065428838339,999
Read,15,20,17.5,0.579106203341789,2.94212009846908,999
Read,16,21,18.5,0.774946484781882,2.19860343063503,999
Read,17,22,19.5,1.07792436179031,1.58063038594859,999
Read,18,23,20.5,1.24069611781585,1.37326132929263,999
Read,19,24,21.5,1.21652382410273,1.40054799276675,999
Read,20,25,22.5,0.704443649970453,2.41864626087759,999
Read,21,26,23.5,0.321959873427235,5.29196381481704,999
Read,22,27,24.5,0.319068033049027,5.33992698584819,999
Read,23,28,25.5,0.320824534197056,5.31069110491873,999
Read,24,29,26.5,0.639525519814618,2.66416264435216,999
Read,25,30,27.5,0.802050127492186,2.124306127009,999
Read,26,31,28.5,0.876959085826788,1.94285004572782,999
Read,27,32,29.5,0.777230886835946,2.19214147900201,1000
Read,28,33,30.5,0.615084677488162,2.77002510769388,999
Read,29,34,31.5,0.410776476441637,4.14775455196271,999
Read,30,35,32.5,0.284648666191657,5.9856243937318,999
Read,31,36,33.5,0.262223672499307,6.49750643700753,999
Read,32,37,34.5,0.298658159460657,5.7048499966546,999
Read,33,38,35.5,0.53519954819863,3.18348549757681,999
Read,34,39,36.5,0.662877564843202,2.57030874231355,999
Read,35,40,37.5,0.603981394730294,2.82094782201168,999
Read,36,41,38.5,0.43152789731955,3.94829629922702,999
Read,37,42,39.5,0.199330150732541,8.54762811214715,999
Read,38,43,40.5,0.188338991231829,9.04645433694254,1000
Read,39,44,41.5,0.180413683081848,9.44385132488559,999
Read,40,45,42.5,0.176256536493981,9.66659185464126,999
Read,41,46,43.5,0.17085276993695,9.97232881052355,999
Read,42,47,44.5,0.17085276993695,9.97232881052355,999
Read,43,48,45.5,0.170310135898418,10.0041022499364,980
Read,44,49,46.5,0.17230748126221,9.88813711116368,979
Read,45,50,47.5,0.179730418128252,9.47975330261012,968
Read,46,51,48.5,0.191212104090944,8.91052377724812,959
Read,47,52,49.5,0.191960061488246,8.87580491029402,942
Read,48,53,50.5,0.20272280520131,8.40458083212297,950
Read,49,54,51.5,0.450962303826658,3.77814284152431,951
Read,50,55,52.5,0.401860326864826,4.2397817608272,962
Read,51,56,53.5,0.282800733376714,6.02473685147909,971
Read,52,57,54.5,0.273088764641344,6.23904132121399,988
Read,53,58,55.5,0.217650523892532,7.82814564159412,999
Read,54,59,56.5,0.195295568887161,8.72421309948151,1000
Read,55,60,57.5,0.182904293558284,9.31525426141552,999
Read,56,61,58.5,0.177581635641791,9.59446056368588,999
Read,57,62,59.5,0.179822103996468,9.47491972418177,999
Read,58,63,60.5,0.182523690096436,9.33467868800923,999
Read,59,64,61.5,0.182484097606399,9.33670397776212,999
Read,60,65,62.5,0.184688715314561,9.22525232306744,999
Read,61,66,63.5,0.185208514842712,9.19936106310742,999
Read,62,67,64.5,0.181885502805459,9.36743156392374,999
Read,63,68,65.5,0.18109651268658,9.40824301210442,999
Read,64,69,66.5,0.180318170461919,9.44885363263945,999
Read,65,70,67.5,0.180305589885957,9.44951291348012,999
Read,66,71,68.5,0.17981217327261,9.47544300805986,999
Read,67,72,69.5,0.180289953798573,9.45033244560898,999
Read,68,73,70.5,0.176289627518511,9.66477735521393,999
Read,69,74,71.5,0.173016603952999,9.84760977312237,999
Read,70,75,72.5,0.171285371657846,9.9471425010144,1000
Read,71,76,73.5,0.167922381570941,10.1463544291159,999
Read,72,77,74.5,0.168099730211755,10.1356498184365,999
Read,73,78,75.5,0.168957519180588,10.084191625582,999
Read,74,79,76.5,0.173997929426911,9.79207054711357,999
Read,75,80,77.5,0.177082108739505,9.62152535977735,999
Read,76,81,78.5,0.179911143053726,9.47023053203104,999
Read,77,82,79.5,0.183122168865908,9.30417114733724,999
Read,78,83,80.5,0.187276388747623,9.09778328914742,999
Read,79,84,81.5,0.183022536951023,9.3092360557538,999
Read,80,85,82.5,0.178593084951549,9.54012301462978,999
Read,81,86,83.5,0.181456170050529,9.38959551508243,1000
Read,82,87,84.5,0.179683178958718,9.48224541592426,999
Read,83,88,85.5,0.181704133223023,9.37678174832028,999
Read,84,89,86.5,0.196098625301804,8.68848518125906,999
Read,85,90,87.5,0.205895105028688,8.27508745175174,999
Read,86,91,88.5,0.200195563824391,8.51067809621672,999
Read,87,92,89.5,0.194975130599483,8.73855525178354,1000
Read,88,93,90.5,0.183447248826452,9.28768357606639,999
Read,89,94,91.5,0.175912523257677,9.68549577055564,999
Read,90,95,92.5,0.17568029051065,9.69829908094738,999
Read,91,96,93.5,0.177834488255657,9.58081875294404,999
Read,92,97,94.5,0.176271954231203,9.66574636011154,999
Read,93,98,95.5,0.177005309755823,9.62569994284565,999
Read,94,99,96.5,0.175640179707489,9.70051387351975,999
Read,95,100,97.5,0.172265366591169,9.89055451896822,999
Read,96,101,98.5,0.167852338296136,10.1505884117863,999
Read,97,102,99.5,0.168945841285991,10.0848886662787,999
Read,98,103,100.5,0.170780375221427,9.9765561379866,1000
Read,99,104,101.5,0.170574741025205,9.9885832436834,999
Read,100,105,102.5,0.172168634529071,9.89611147617197,999
Read,101,106,103.5,0.172653065297991,9.86834492083485,999
Read,102,107,104.5,0.173261405885911,9.83369603454516,999
Read,103,108,105.5,0.17040237503314,9.99868692950225,999
Read,104,109,106.5,0.173564625707167,9.81651643045396,999
Read,105,110,107.5,0.173068620218415,9.84465004603251,999
Read,106,111,108.5,0.179556185159394,9.48895187591294,999
Read,107,112,109.5,0.179203082133211,9.50764897410347,999
Read,108,113,110.5,0.17934229915347,9.50026852584285,999
Read,109,114,111.5,0.177425359204211,9.60291199685968,1000
Read,110,115,112.5,0.171091067264436,9.95843925251006,999
Read,111,116,113.5,0.16556995199403,10.2905145497743,999
Read,112,117,114.5,0.17173714812435,9.9209752730162,999
Read,113,118,115.5,0.176629831344868,9.64616218578247,999
Read,114,119,116.5,0.171794547751848,9.91766049794018,999
Read,115,120,117.5,0.179481701106878,9.49288974582104,999
Read,116,121,118.5,0.180034387635952,9.46374757829742,999
Read,117,122,119.5,0.176703575794505,9.64213651217455,999
Read,118,123,120.5,0.168813074478791,10.0928201518778,999
Read,119,124,121.5,0.169843680410297,10.0315772472904,999
Read,120,125,122.5,0.167001720164523,10.2022908879553,1000
Read,121,126,123.5,0.163474354892848,10.4224298735834,999
Read,122,127,124.5,0.157871960805545,10.7922901020949,999
Read,123,128,125.5,0.157909311606113,10.7897373667864,999
Read,124,129,126.5,0.156598372476022,10.8800619895387,999
Read,125,130,127.5,0.155035209351347,10.9897616620673,999
Read,126,131,128.5,0.159633654113151,10.6731879907498,999
Read,127,132,129.5,0.163344782665916,10.4306974008758,999
Read,128,133,130.5,0.16837348233126,10.1191706461705,999
Read,129,134,131.5,0.164760831286519,10.3410500341376,999
Read,130,135,132.5,0.161333667070445,10.5607219555485,999
Read,131,136,133.5,0.161202519011543,10.5693137455129,999
Read,132,137,134.5,0.162665924047902,10.4742281456457,999
Read,133,138,135.5,0.161732559056257,10.5346753303233,999
Read,134,139,136.5,0.163210688675073,10.4392672675501,999
Read,135,140,137.5,0.168215514269306,10.1286733711867,999
Read,136,141,138.5,0.173370379319173,9.82751516378082,1000
Read,137,142,139.5,0.185377190730943,9.19099050580012,999
Read,138,143,140.5,0.188030746419767,9.06128403168901,999
Read,139,144,141.5,0.190953874700907,8.92257359358996,999
Read,140,145,142.5,0.187465867711596,9.08858780960161,999
Read,141,146,143.5,0.178130611662849,9.56489164941966,999
Read,142,147,144.5,0.170257006043289,10.0072240173587,999
Read,143,148,145.5,0.170152661913653,10.0133608304325,999
Read,144,149,146.5,0.167051979158036,10.199220677225,999
Read,145,150,147.5,0.16824671645289,10.1267949587419,999
Read,146,151,148.5,0.16552374065836,10.2933874815978,999
Read,147,152,149.5,0.166717758816904,10.2196671320086,1000
Read,148,153,150.5,0.167359306418115,10.1804915212984,999
Read,149,154,151.5,0.169468448116662,10.0537888848024,999
Read,150,155,152.5,0.165835355444777,10.2740455762907,999
Read,151,156,153.5,0.163864720833795,10.3976010902807,999
Read,152,157,154.5,0.163023448731507,10.4512572470853,999
Read,153,158,155.5,0.164135321148211,10.3804591728401,999
Read,154,159,156.5,0.170860199931245,9.97189515572157,999
Read,155,160,157.5,0.231727332668673,7.35260696430712,999
Read,156,161,158.5,0.239834603765654,7.10406243823269,999
Read,157,162,159.5,0.41611125848514,4.09457798907608,999
Read,158,163,160.5,0.588045837931909,2.8973931794026,999
Read,159,164,161.5,0.646715681198255,2.63454961266768,998
Read,160,165,162.5,0.849556797470754,2.0055169465244,998
Read,161,166,163.5,1.04510291906752,1.63027374133035,998
Read,162,167,164.5,1.47069665351697,1.15849859090571,998
Read,163,168,165.5,1.34960400988426,1.26244438184954,999
Read,164,169,166.5,0.970075663680245,1.75635784278535,999
Read,165,170,167.5,0.567550575605114,3.00202320856328,999
Read,166,171,168.5,0.351143605521935,4.85214588335588,999
Read,167,172,169.5,0.240130951177555,7.09529526137675,999
Read,168,173,170.5,0.191295344862896,8.90664642791561,999
Read,169,174,171.5,0.179041498724816,9.51622955977107,1000
Read,170,175,172.5,0.182886382806191,9.31616653934018,999
Read,171,176,173.5,0.177285076433962,9.61051000045489,999
Read,172,177,174.5,0.175253818876628,9.72189941948947,999
Read,173,178,175.5,0.17106904708835,9.95972111261052,999
Read,174,179,176.5,0.171010349992974,9.96313965833064,999
Read,175,180,177.5,0.16525635805806,10.3100420463181,999
Read,176,181,178.5,0.164592457665245,10.3516286479254,999
Read,177,182,179.5,0.165399977786708,10.3010896542994,999
Read,178,183,180.5,0.164664989542723,10.3470689472697,999
Read,179,184,181.5,0.166633669888735,10.2248243175444,999
Read,180,185,182.5,0.168663494539779,10.1017710124473,999
Read,181,186,183.5,0.166550353334116,10.2299392699697,999
Read,182,187,184.5,0.163138595592532,10.4438805165121,999
Read,183,188,185.5,0.163051386197446,10.4494665131936,999
Read,184,189,186.5,0.159938346009088,10.6528549438868,999
Read,185,190,187.5,0.158738351182772,10.7333862304451,1000
Read,186,191,188.5,0.15868132333659,10.737243452312,999
Read,187,192,189.5,0.160041928881537,10.6459601674831,999
Read,188,193,190.5,0.162687533622655,10.4728368674632,999
Read,189,194,191.5,0.164695619220198,10.3451446253832,999
Read,190,195,192.5,0.164207732104478,10.3758816845236,999
Read,191,196,193.5,0.162545657030844,10.4819782586969,998
Read,192,197,194.5,0.160507323492013,10.6150919810316,998
Read,193,198,195.5,0.157294519446399,10.8319095123675,998
Read,194,199,196.5,0.158349151382327,10.7597682405403,998
Read,195,200,197.5,0.158759567930967,10.7319516930529,998
Read,196,201,198.5,0.162443837293211,10.4885486622423,1000
Read,197,202,199.5,0.167038666226538,10.2000335520478,999
Read,198,203,200.5,0.169969455794718,10.0241539989266,999
Read,199,204,201.5,0.172610170123374,9.87079729301118,999
Read,200,205,202.5,0.168449861765911,10.1145823578515,999
Read,201,206,203.5,0.167910933155032,10.1470462225761,999
Read,202,207,204.5,0.163906588238002,10.394945183814,999
Read,203,208,205.5,0.163366213742704,10.4293290574967,999
Read,204,209,206.5,0.158893278651905,10.7229205316645,999
Read,205,210,207.5,0.158761217840976,10.731840075116,999
Read,206,211,208.5,0.157616466321715,10.809784280548,999
Read,207,212,209.5,0.157954872073041,10.7866252184394,1000
Read,208,213,210.5,0.156013268331296,10.9208660149466,999
Read,209,214,211.5,0.159139132421107,10.7063547103643,999
Read,210,215,212.5,0.158864940750986,10.7248332573933,999
Read,211,216,213.5,0.161303906653227,10.5626703986956,999
Read,212,217,214.5,0.161256511112422,10.5657749150493,999
Read,213,218,215.5,0.159910474041881,10.6547117079634,999
Read,214,219,216.5,0.15972477300744,10.6670992102185,999
Read,215,220,217.5,0.164324625712598,10.3685007199099,999
Read,216,221,218.5,0.166641358513191,10.2243525569022,999
Read,217,222,219.5,0.16859019040545,10.1061633295653,999
Read,218,223,220.5,0.170551581678823,9.98993960201755,999
Read,219,224,221.5,0.169235572465229,10.0676233440819,999
Read,220,225,222.5,0.170904804698788,9.96929257198401,999
Read,221,226,223.5,0.169977272790967,10.0236930033304,999
Read,222,227,224.5,0.168659821586595,10.1019910016045,999
Read,223,228,225.5,0.168201513423057,10.1295166402013,1000
Read,224,229,226.5,0.160589549300415,10.6096567766854,999
Read,225,230,227.5,0.155413495627301,10.9630118872425,999
Read,226,231,228.5,0.158868447986553,10.7245964922136,999
Read,227,232,229.5,0.159361728216789,10.6914001188681,999
Read,228,233,230.5,0.160118113109328,10.6408948176691,999
Read,229,234,231.5,0.171645185466653,9.92629065224209,999
Read,230,235,232.5,0.193883629625095,8.78774553217601,999
Read,231,236,233.5,0.474974250769617,3.58714182345522,999
Read,232,237,234.5,0.700622103093011,2.43183877939091,999
Read,233,238,235.5,0.849107068515911,2.0065785142714,999
Read,234,239,236.5,0.797466426687562,2.13651628875966,1000
Read,235,240,237.5,0.924037166644148,1.84386522696672,999
Read,236,241,238.5,0.879238041997695,1.9378142421236,999
Read,237,242,239.5,0.824024433420415,2.06765713599991,999
Read,238,243,240.5,0.718316985616376,2.37193333043349,999
Read,239,244,241.5,0.909651724263696,1.87302453736249,999
Read,240,245,242.5,0.810749367386298,2.10151258642696,999
Read,241,246,243.5,0.799519559742007,2.131029790628,999
Read,242,247,244.5,0.712104370598692,2.39262679790542,999
Read,243,248,245.5,0.639930092940221,2.66247832192377,999
Read,244,249,246.5,0.314012847963619,5.42589263798977,999
Read,245,250,247.5,0.175841935658435,9.68938415064558,996
Read,246,251,248.5,0.169217305598424,10.0687101356132,995
Read,247,252,249.5,0.164815133741851,10.3376429173588,995
Read,248,253,250.5,0.168447052565802,10.1147510392586,995
Read,249,254,251.5,0.169217305598424,10.0687101356132,995
Read,250,255,252.5,0.168183438923556,10.1306050756545,999
Read,251,256,253.5,0.169776754298287,10.0355317018638,999
Read,252,257,254.5,0.170587138564255,9.98785731644259,999
Read,253,258,255.5,0.172151695469135,9.89708521520471,999
Read,254,259,256.5,0.177041405281469,9.62373743752889,999
Read,255,260,257.5,0.18021425067776,9.45430227405575,999
Read,256,261,258.5,0.180213220449126,9.45435632166055,999
Read,257,262,259.5,0.186528429978545,9.13426441318344,999
Read,258,263,260.5,0.188229904169273,9.05169668719477,999
Read,259,264,261.5,0.181730496991647,9.37542145212048,999
Read,260,265,262.5,0.182829494135965,9.31906532943168,997
Read,261,266,263.5,0.179470717007662,9.49347121227885,998
Read,262,267,264.5,0.176921163293094,9.63027807576316,997
Read,263,268,265.5,0.176366348494226,9.66057308861151,997
Read,264,269,266.5,0.1786455118741,9.53732328411783,997
Read,265,270,267.5,0.178012035153354,9.57126296844033,999
Read,266,271,268.5,0.179820211115511,9.47501946210889,999
Read,267,272,269.5,0.178624674494088,9.53843585621978,999
Read,268,273,270.5,0.173733181013733,9.80699248156469,999
Read,269,274,271.5,0.174651856069818,9.75540734774037,983
Read,270,275,272.5,0.175126205356457,9.7289837150987,971
Read,271,276,273.5,0.176262753304111,9.66625091269503,971
Read,272,277,274.5,0.176286927389892,9.6649255691586,972
Read,273,278,275.5,0.176705742196826,9.64201830013082,971
Read,274,279,276.5,0.17583083421248,9.68999554390481,987
Read,275,280,277.5,0.172653779951374,9.86830407350396,979
Read,276,281,278.5,0.169530851582223,10.0500881400427,952
Read,277,282,279.5,0.166598179110388,10.2270025344698,943
Read,278,283,280.5,0.166396084141549,10.2394236546493,927
Read,279,284,281.5,0.167329551928007,10.1823018175581,888
Read,280,285,282.5,0.165712832892953,10.2816418755053,866
Read,281,286,283.5,0.163999448133088,10.3890593498665,867
Read,282,287,284.5,0.165378646935096,10.3024184700457,850
Read,283,288,285.5,0.163767800658546,10.4037545458882,832
Read,284,289,286.5,0.161716240299024,10.5357387611593,842
Read,285,290,287.5,0.165148146392935,10.3167975978741,851
Read,286,291,288.5,0.16491067431364,10.3316540333015,846
Read,287,292,289.5,0.160651604281259,10.6055585789052,853
Read,288,293,290.5,0.164168484268836,10.3783624627847,866
Read,289,294,291.5,0.168748919122951,10.0966574046713,878
Read,290,295,292.5,0.166320343439098,10.2440865907897,891
Read,291,296,293.5,0.170241163418958,10.0081552887265,914
Read,292,297,294.5,0.176924111049746,9.63011764447022,922
Read,293,298,295.5,0.177161522415778,9.61721268503382,934
Read,294,299,296.5,0.173604236432517,9.8142766271853,945
Read,295,300,297.5,0.179797439300616,9.47621972937916,956
Read,296,301,298.5,0.189324713857416,8.9993533611421,955
Read,297,302,299.5,0.19114485632038,8.91365864966986,958
Read,298,303,300.5,0.195287537198569,8.72457108344589,957
Read,299,304,301.5,0.203939571397443,8.35443552384246,949
Read,300,305,302.5,0.203268448667609,8.38201965009328,936
Read,301,306,303.5,0.193685795285835,8.79672150188189,933
Read,302,307,304.5,0.196023817414773,8.69180093761195,917
Read,303,308,305.5,0.189936928839669,8.97034615863575,915
Read,304,309,306.5,0.181864988314221,9.36848859804628,914
Read,305,310,307.5,0.169176883857192,10.0711191221083,922
Read,306,311,308.5,0.161761421947602,10.5327956420349,932
Read,307,312,309.5,0.157601752167048,10.8107935132223,947
Read,308,313,310.5,0.155322194438402,10.9694561976316,958
Read,309,314,311.5,0.155470665295957,10.9589805688206,969
Read,310,315,312.5,0.156440257479216,10.8910585291911,962
Read,311,316,313.5,0.160156781014956,10.6383257031177,947
Read,312,317,314.5,0.160528269300419,10.6137069029969,951
Read,313,318,315.5,0.15958684257321,10.6763187523958,939
Read,314,319,316.5,0.161557215173365,10.5461090299725,908
Read,315,320,317.5,0.163520595298525,10.4194835261913,906
Read,316,321,318.5,0.164104603702083,10.3824022091001,913
Read,317,322,319.5,0.163322968799888,10.4320905535803,907
Read,318,323,320.5,0.167186880718955,10.1909910195892,921
Read,319,324,321.5,0.163867646627051,10.3974154451471,955
Read,320,325,322.5,0.168070692365224,10.1374009711198,975
Read,321,326,323.5,0.165739223076554,10.2800054260454,976
Read,322,327,324.5,0.166355321351074,10.2419326665501,975
Read,323,328,325.5,0.167575712042637,10.1673446424242,972
Read,324,329,326.5,0.166778466221791,10.2159550516889,968
Read,325,330,327.5,0.157778954900778,10.7986518295261,967
Read,326,331,328.5,0.156832387213166,10.863827493005,973
Read,327,332,329.5,0.157778954900778,10.7986518295261,959
Read,328,333,330.5,0.155956220542911,10.9248607979135,931
Read,329,334,331.5,0.159699506315627,10.6687868942603,875
Read,330,335,332.5,0.166545341294071,10.2302476389362,818
Read,331,336,333.5,0.169329260537926,10.0620539292124,764
Read,332,337,334.5,0.17490771055255,9.74114250251749,734
Read,333,338,335.5,0.189061340344678,9.0118899871005,713
Read,334,339,336.5,0.322116145654529,5.28939645834249,717
Read,335,340,337.5,0.620880906449188,2.74416555945329,725
Read,336,341,338.5,0.671575468283538,2.53701941250877,729
Read,337,342,339.5,0.6705950107379,2.54073103585332,726
Read,338,343,340.5,0.238151034963571,7.15429540984496,714
Read,339,344,341.5,0.20761291822208,8.20661863909502,720
Sit Biopond,0,5,2.5,0.342580142581932,3.06672997911553,1000
Sit Biopond,1,6,3.5,0.439051061611007,2.39288796192644,999
Sit Biopond,2,7,4.5,0.486889602715573,2.15777867126427,999
Sit Biopond,3,8,5.5,0.58356388324387,1.80031703497483,999
Sit Biopond,4,9,6.5,0.754099117062566,1.39318555907132,999
Sit Biopond,5,10,7.5,0.86281161622798,1.21764702774053,999
Sit Biopond,6,11,8.5,0.945324411051508,1.11136450906985,999
Sit Biopond,7,12,9.5,1.04266864956094,1.00760677943314,999
Sit Biopond,8,13,10.5,0.969055493199266,1.08414843873545,999
Sit Biopond,9,14,11.5,1.0100565409445,1.04013979159779,999
Sit Biopond,10,15,12.5,0.981881525784072,1.06998652323258,999
Sit Biopond,11,16,13.5,0.883628498369276,1.18896125103865,1000
Sit Biopond,12,17,14.5,0.83065217018626,1.26478932784154,999
Sit Biopond,13,18,15.5,0.846631853019067,1.24091716636173,999
Sit Biopond,14,19,16.5,0.83100952570632,1.26424543582342,999
Sit Biopond,15,20,17.5,0.799997032082048,1.31325487204089,999
Sit Biopond,16,21,18.5,0.912719096618558,1.15106608801357,999
Sit Biopond,17,22,19.5,0.96427153873949,1.08952712777706,999
Sit Biopond,18,23,20.5,0.956540666540967,1.09833281192233,999
Sit Biopond,19,24,21.5,0.762487679344218,1.37785832933533,999
Sit Biopond,20,25,22.5,0.544382314742691,1.92989370071028,999
Sit Biopond,21,26,23.5,0.464851531972899,2.26007644965931,999
Sit Biopond,22,27,24.5,0.471652461441927,2.22748758013077,999
Sit Biopond,23,28,25.5,0.518886615795736,2.02471979044759,999
Sit Biopond,24,29,26.5,0.781403181317629,1.34450438022077,999
Sit Biopond,25,30,27.5,0.862042693332086,1.218733141788,999
Sit Biopond,26,31,28.5,0.883489684903185,1.18914800925506,999
Sit Biopond,27,32,29.5,0.825011336680649,1.27343707333309,1000
Sit Biopond,28,33,30.5,0.716266724800424,1.46677203285233,999
Sit Biopond,29,34,31.5,0.655479670067981,1.6027957051529,999
Sit Biopond,30,35,32.5,0.553392196940961,1.89847273923901,999
Sit Biopond,31,36,33.5,0.509525824922472,2.06191707782399,999
Sit Biopond,32,37,34.5,0.539565902758825,1.94712081439586,999
Sit Biopond,33,38,35.5,0.593680686045056,1.76963816525483,999
Sit Biopond,34,39,36.5,0.624590396486801,1.68206236584715,999
Sit Biopond,35,40,37.5,0.697255929933854,1.50676380780249,999
Sit Biopond,36,41,38.5,0.770381888502093,1.36373922554534,999
Sit Biopond,37,42,39.5,0.723118301381878,1.45287430561819,999
Sit Biopond,38,43,40.5,0.678938573576403,1.54741679351358,1000
Sit Biopond,39,44,41.5,0.73645171496808,1.4265701045255,999
Sit Biopond,40,45,42.5,0.732138780617738,1.43497384350213,999
Sit Biopond,41,46,43.5,0.724054743241639,1.45099525941422,999
Sit Biopond,42,47,44.5,0.774538967367179,1.35642042111053,998
Sit Biopond,43,48,45.5,0.872481934172932,1.20415138934915,998
Sit Biopond,44,49,46.5,0.887581940626641,1.18366537225367,998
Sit Biopond,45,50,47.5,0.976204889557028,1.07620931541474,998
Sit Biopond,46,51,48.5,0.984544167856034,1.06709282585643,998
Sit Biopond,47,52,49.5,1.01494767163581,1.03512727008137,998
Sit Biopond,48,53,50.5,0.957613822437385,1.09710223134348,998
Sit Biopond,49,54,51.5,0.849060222512939,1.23736825559614,998
Sit Biopond,50,55,52.5,0.718299897619444,1.46262090418886,998
Sit Biopond,51,56,53.5,0.608254150897171,1.72723889379463,998
Sit Biopond,52,57,54.5,0.471722100017568,2.22715874444058,999
Sit Biopond,53,58,55.5,0.462676072595277,2.27070311656035,999
Sit Biopond,54,59,56.5,0.432553867717798,2.42883045856586,1000
Sit Biopond,55,60,57.5,0.450005579301189,2.33463772078442,999
Sit Biopond,56,61,58.5,0.502374233521445,2.09126967487108,999
Sit Biopond,57,62,59.5,0.694482409888482,1.51278129588437,999
Sit Biopond,58,63,60.5,0.774150600632137,1.35710028403017,999
Sit Biopond,59,64,61.5,0.732516623697807,1.43423366243415,999
Sit Biopond,60,65,62.5,0.508912788090217,2.06440086511199,999
Sit Biopond,61,66,63.5,0.387182445329493,2.71344946722969,999
Sit Biopond,62,67,64.5,0.386282054415819,2.71977428925307,999
Sit Biopond,63,68,65.5,0.369417514461275,2.84393662691413,999
Sit Biopond,64,69,66.5,0.510777805297575,2.05686306081356,999
Sit Biopond,65,70,67.5,0.836604531003647,1.25579056273088,1000
Sit Biopond,66,71,68.5,0.899077004113476,1.16853172219206,999
Sit Biopond,67,72,69.5,0.876467473080393,1.198675401276,999
Sit Biopond,68,73,70.5,0.773759201496652,1.35778676100764,999
Sit Biopond,69,74,71.5,0.202280917047745,5.19376723881484,999
Sit Biopond,70,75,72.5,0.149795661434079,7.01355426413564,999
Sit Biopond,71,76,73.5,0.137259437064357,7.65411852525233,999
Sit Biopond,72,77,74.5,0.152653070358577,6.88227231546786,999
Sit Biopond,73,78,75.5,0.161073561205499,6.52248570241542,999
Sit Biopond,74,79,76.5,0.313248149362656,3.35389052461309,999
Sit Biopond,75,80,77.5,0.342052745187837,3.07145612710422,999
Sit Biopond,76,81,78.5,0.381684809053735,2.75253291480115,999
Sit Biopond,77,82,79.5,0.387156064415193,2.71363436237774,999
Sit Biopond,78,83,80.5,0.494890461588209,2.12289401704854,999
Sit Biopond,79,84,81.5,0.637969094961863,1.64678823519312,999
Sit Biopond,80,85,82.5,0.692205401946308,1.51775758618175,999
Sit Biopond,81,86,83.5,0.706830293458198,1.4863539688753,1000
Sit Biopond,82,87,84.5,0.716060175579136,1.467195126653,999
Sit Biopond,83,88,85.5,0.662028900909531,1.58693978247268,999
Sit Biopond,84,89,86.5,0.536414002009953,1.95856184973431,999
Sit Biopond,85,90,87.5,0.406629572856615,2.58367829132403,999
Sit Biopond,86,91,88.5,0.308520336560876,3.4052860557304,999
Sit Biopond,87,92,89.5,0.303939174914004,3.45661271191284,1000
Sit Biopond,88,93,90.5,0.289399020127435,3.63028181483606,999
Sit Biopond,89,94,91.5,0.278745994086189,3.76902277445879,999
Sit Biopond,90,95,92.5,0.276408348460038,3.80089822124852,999
Sit Biopond,91,96,93.5,0.27568022106197,3.81093716463553,999
Sit Biopond,92,97,94.5,0.27315175116889,3.84621367245203,999
Sit Biopond,93,98,95.5,0.27709167954756,3.79152489066232,999
Sit Biopond,94,99,96.5,0.289522389431106,3.62873490393736,999
Sit Biopond,95,100,97.5,0.302100838713361,3.47764675025225,999
Sit Biopond,96,101,98.5,0.347138884852615,3.02645438423314,999
Sit Biopond,97,102,99.5,0.478571644918993,2.19528258966917,999
Sit Biopond,98,103,100.5,0.480717498746565,2.18548320651886,1000
Sit Biopond,99,104,101.5,0.480784796919802,2.18517724921998,999
Sit Biopond,100,105,102.5,0.484599429952663,2.16797613670867,999
Sit Biopond,101,106,103.5,0.489198469738392,2.14759461647913,999
Sit Biopond,102,107,104.5,0.727755849759572,1.44361601538083,999
Sit Biopond,103,108,105.5,0.846938754416705,1.24046750077408,999
Sit Biopond,104,109,106.5,0.974110560562572,1.07852233877154,999
Sit Biopond,105,110,107.5,0.976216015354187,1.07619623472252,999
Sit Biopond,106,111,108.5,0.841328389356478,1.24873950919877,999
Sit Biopond,107,112,109.5,0.943262895646278,1.113793413108,999
Sit Biopond,108,113,110.5,0.89138117072143,1.17862036411394,999
Sit Biopond,109,114,111.5,0.480283399394975,2.18745849311134,1000
Sit Biopond,110,115,112.5,0.30801399488248,3.41088397753111,999
Sit Biopond,111,116,113.5,0.211593814414987,4.96517349954056,999
Sit Biopond,112,117,114.5,0.157460247745292,6.67216021214099,999
Sit Biopond,113,118,115.5,0.153991492007113,6.82245484024192,999
Sit Biopond,114,119,116.5,0.155193114530863,6.76963023247443,999
Sit Biopond,115,120,117.5,0.160600671931319,6.5416911857585,999
Sit Biopond,116,121,118.5,0.265425696484986,3.95816989053066,999
Sit Biopond,117,122,119.5,0.313757988277882,3.34844064295035,999
Sit Biopond,118,123,120.5,0.321309794356666,3.26974159659071,999
Sit Biopond,119,124,121.5,0.321309794356666,3.26974159659071,999
Sit Biopond,120,125,122.5,0.292096016978626,3.5967624990822,999
Sit Biopond,121,126,123.5,0.289659244732012,3.62702043558802,999
Sit Biopond,122,127,124.5,0.285830393184067,3.67560632127543,999
Sit Biopond,123,128,125.5,0.311353312732369,3.37430166000214,999
Sit Biopond,124,129,126.5,0.422470470607709,2.48680102656346,999
Sit Biopond,125,130,127.5,0.521033050611756,2.01637969507385,1000
Sit Biopond,126,131,128.5,0.721307550492058,1.45652156182658,999
Sit Biopond,127,132,129.5,0.750960505427465,1.39900832654571,999
Sit Biopond,128,133,130.5,0.862600227948616,1.21794542356947,999
Sit Biopond,129,134,131.5,0.776199724593294,1.35351761500622,999
Sit Biopond,130,135,132.5,0.737159628898137,1.42520013144287,999
Sit Biopond,131,136,133.5,0.717724931368195,1.46379198225321,999
Sit Biopond,132,137,134.5,0.675812855773989,1.55457238053984,999
Sit Biopond,133,138,135.5,0.628655726969693,1.67118496647474,999
Sit Biopond,134,139,136.5,0.514036704979057,2.04382292124996,999
Sit Biopond,135,140,137.5,0.480495318922931,2.18649372558926,999
Sit Biopond,136,141,138.5,0.468091349511174,2.24443395585128,1000
Sit Biopond,137,142,139.5,0.61033643354909,1.72134570746627,999
Sit Biopond,138,143,140.5,0.776883514167345,1.35232628938718,999
Sit Biopond,139,144,141.5,0.819060680460073,1.28268884719246,999
Sit Biopond,140,145,142.5,0.824806777781589,1.2737528695214,999
Sit Biopond,141,146,143.5,0.874616289504696,1.20121247752539,999
Sit Biopond,142,147,144.5,0.774397115451601,1.35666827656935,999
Sit Biopond,143,148,145.5,0.602077708679782,1.74495747783741,999
Sit Biopond,144,149,146.5,0.160059588334531,6.56380546102743,999
Sit Biopond,145,150,147.5,0.156900498072811,6.69596344756317,999
Sit Biopond,146,151,148.5,0.154848699362446,6.78468727425936,999
Sit Biopond,147,152,149.5,0.161849732909936,6.49120626643315,1000
Sit Biopond,148,153,150.5,0.321291835604087,3.26992436027726,999
Sit Biopond,149,154,151.5,0.649311422143438,1.61802174453034,999
Sit Biopond,150,155,152.5,0.67652773736593,1.55292967601081,999
Sit Biopond,151,156,153.5,0.748311967442233,1.40395990670977,999
Sit Biopond,152,157,154.5,0.659493406086969,1.59304094673762,999
Sit Biopond,153,158,155.5,0.589475497861335,1.78226237360444,999
Sit Biopond,154,159,156.5,0.553733155818533,1.89730376258036,999
Sit Biopond,155,160,157.5,0.532771896724896,1.97195086013047,999
Sit Biopond,156,161,158.5,0.526028195080902,1.99723134581868,999
Sit Biopond,157,162,159.5,0.534504883179751,1.96555734673558,999
Sit Biopond,158,163,160.5,0.547211336995735,1.91991648831846,1000
Sit Biopond,159,164,161.5,0.543390305210588,1.93341690112202,999
Sit Biopond,160,165,162.5,0.540651485862663,1.9432111581524,999
Sit Biopond,161,166,163.5,0.548564331747458,1.91518102654123,999
Sit Biopond,162,167,164.5,0.580960303922021,1.80838517349202,999
Sit Biopond,163,168,165.5,0.583303033618409,1.80112212597765,999
Sit Biopond,164,169,166.5,0.60579686964963,1.73424468272282,999
Sit Biopond,165,170,167.5,0.804843883491911,1.30534631814787,999
Sit Biopond,166,171,168.5,0.625946878391865,1.67841718885015,999
Sit Biopond,167,172,169.5,0.546779732448742,1.92143186305555,999
Sit Biopond,168,173,170.5,0.0993526907808475,10.5744493857486,999
Sit Biopond,169,174,171.5,0.0917279179653653,11.4534377679507,999
Sit Biopond,170,175,172.5,0.0917279179653653,11.4534377679507,999
Sit Biopond,171,176,173.5,0.106079158601111,9.9039247091935,999
Sit Biopond,172,177,174.5,0.459596785315933,2.2859167721937,999
Sit Biopond,173,178,175.5,0.459596785315933,2.2859167721937,999
Sit Biopond,174,179,176.5,0.165418389660257,6.35116894692083,1000
Sit Biopond,175,180,177.5,0.143940444571872,7.29885198788179,999
Sit Biopond,176,181,178.5,0.143652820063016,7.31346589324966,999
Sit Biopond,177,182,179.5,0.153639294312719,6.83809441262855,999
Sit Biopond,178,183,180.5,0.522195364684116,2.01189070423006,999
Sit Biopond,179,184,181.5,0.624951131638151,1.68109144349594,999
Sit Biopond,180,185,182.5,0.624951131638151,1.68109144349594,999
Sit Biopond,181,186,183.5,0.535502093814001,1.96189709085416,999
Sit Biopond,182,187,184.5,0.518719082620309,2.02537372385241,999
Sit Biopond,183,188,185.5,0.486419516676463,2.15986399390055,999
Sit Biopond,184,189,186.5,0.45204120683543,2.32412440307125,999
Sit Biopond,185,190,187.5,0.427342901285262,2.4584473492041,1000
Sit Biopond,186,191,188.5,0.405469868622751,2.59106799617083,999
Sit Biopond,187,192,189.5,0.382378482172327,2.7475395425795,999
Sit Biopond,188,193,190.5,0.353642250241803,2.97079887734469,999
Sit Biopond,189,194,191.5,0.254678441678225,4.12520193337522,999
Sit Biopond,190,195,192.5,0.239708721331603,4.38281925732124,999
Sit Biopond,191,196,193.5,0.225472132318906,4.65955588034285,999
Sit Biopond,192,197,194.5,0.216149483913745,4.86052513740557,999
Sit Biopond,193,198,195.5,0.207981423905742,5.05141267075919,999
Sit Biopond,194,199,196.5,0.202149494205619,5.19714384707473,999
Sit Biopond,195,200,197.5,0.195954478096733,5.36144930294153,999
Sit Biopond,196,201,198.5,0.190059363181189,5.52774666247084,1000
Sit Biopond,197,202,199.5,0.188962161063476,5.55984327278668,999
Sit Biopond,198,203,200.5,0.190709508042014,5.50890205101126,999
Sit Biopond,199,204,201.5,0.197544834838195,5.31828635692007,999
Sit Biopond,200,205,202.5,0.210261560124303,4.99663371364173,999
Sit Biopond,201,206,203.5,0.509949156220769,2.06020538946665,999
Sit Biopond,202,207,204.5,0.544269351687391,1.93029424997538,999
Sit Biopond,203,208,205.5,0.563379915566636,1.86481621188666,999
Sit Biopond,204,209,206.5,0.563596912166399,1.86409821863931,999
Sit Biopond,205,210,207.5,0.58217111037758,1.80462407232576,999
Sit Biopond,206,211,208.5,0.650482637166898,1.61510844405589,999
Sit Biopond,207,212,209.5,0.656486281788155,1.60033808648423,999
Sit Biopond,208,213,210.5,0.673984598328594,1.55878932931905,999
Sit Biopond,209,214,211.5,0.627566931241096,1.67408438478793,999
Sit Biopond,210,215,212.5,0.574137508618968,1.82987522018395,999
Sit Biopond,211,216,213.5,0.507999361459848,2.06811283577379,999
Sit Biopond,212,217,214.5,0.505978286796227,2.07637393958947,1000
Sit Biopond,213,218,215.5,0.531053565152456,1.9783315072904,999
Sit Biopond,214,219,216.5,0.729467306466324,1.44022904205166,999
Sit Biopond,215,220,217.5,0.809443086257182,1.29792942559793,999
Sit Biopond,216,221,218.5,0.866334786198768,1.21269515750341,999
Sit Biopond,217,222,219.5,0.836681300331041,1.25567524884842,999
Sit Biopond,218,223,220.5,0.817686596398743,1.28484434577631,999
Sit Biopond,219,224,221.5,0.850609575776912,1.23511424032633,999
Sit Biopond,220,225,222.5,0.879974691537447,1.19389797241151,999
Sit Biopond,221,226,223.5,0.805719976864402,1.3039269599453,999
Sit Biopond,222,227,224.5,0.75938023443299,1.38349663628585,999
Sit Biopond,223,228,225.5,0.663505237785246,1.58340880784775,1000
Sit Biopond,224,229,226.5,0.594133707394935,1.76828883283951,999
Sit Biopond,225,230,227.5,0.556308288626335,1.88852120574043,999
Sit Biopond,226,231,228.5,0.537275588013463,1.95542106032496,999
Sit Biopond,227,232,229.5,0.501628172407896,2.09437997662083,999
Sit Biopond,228,233,230.5,0.488264592437301,2.15170220465026,999
Sit Biopond,229,234,231.5,0.471944231863692,2.22611047888268,999
Sit Biopond,230,235,232.5,0.46161837983538,2.2759059125303,999
Sit Biopond,231,236,233.5,0.456816025072573,2.29983175356665,999
Sit Biopond,232,237,234.5,0.453211809671669,2.31812141162233,999
Sit Biopond,233,238,235.5,0.46188596340468,2.27458741602745,999
Sit Biopond,234,239,236.5,0.49041447424494,2.14226963755549,1000
Sit Biopond,235,240,237.5,0.524411322265016,2.0033892393137,999
Sit Biopond,236,241,238.5,0.531610409110926,1.97625927181719,999
Sit Biopond,237,242,239.5,0.652623213191629,1.60981095793709,999
Sit Biopond,238,243,240.5,0.621856059205439,1.68945849195773,999
Sit Biopond,239,244,241.5,0.437624195789474,2.40068993010023,999
Sit Biopond,240,245,242.5,0.458052546173743,2.29362331631161,999
Sit Biopond,241,246,243.5,0.429282739644867,2.44733808973808,999
Sit Biopond,242,247,244.5,0.248721590310651,4.22400001016322,999
Sit Biopond,243,248,245.5,0.158328063447454,6.6355892766204,999
Sit Biopond,244,249,246.5,0.144545103808979,7.26831952321541,999
Sit Biopond,245,250,247.5,0.0962975245481197,10.9099377676631,999
Sit Biopond,246,251,248.5,0.0907943292552207,11.5712072396811,999
Sit Biopond,247,252,249.5,0.0900064138817341,11.672501488399,999
Sit Biopond,248,253,250.5,0.0896403352818997,11.7201703529565,999
Sit Biopond,249,254,251.5,0.0903140211379584,11.6327452455601,999
Sit Biopond,250,255,252.5,0.0928485626473856,11.3151995354352,1000
Sit Biopond,251,256,253.5,0.843100515376545,1.24611476430041,999
Sit Biopond,252,257,254.5,0.859957409036804,1.2216884103327,999
Sit Biopond,253,258,255.5,0.864869992622005,1.21474904779032,999
Sit Biopond,254,259,256.5,0.804864679357891,1.30531259097884,999
Sit Biopond,255,260,257.5,0.733018514611493,1.43325165607424,999
Sit Biopond,256,261,258.5,0.69484021805202,1.51200228873532,999
Sit Biopond,257,262,259.5,0.666472711403287,1.57635861457541,999
Sit Biopond,258,263,260.5,0.639953774572032,1.6416810740785,999
Sit Biopond,259,264,261.5,0.639196623037755,1.64362570472771,999
Sit Biopond,260,265,262.5,0.655195896235077,1.60348989674236,999
Sit Biopond,261,266,263.5,0.716441341406012,1.46641648341622,1000
Sit Biopond,262,267,264.5,0.749302910946025,1.40210318771293,999
Sit Biopond,263,268,265.5,0.749302910946025,1.40210318771293,999
Sit Biopond,264,269,266.5,0.718369008482567,1.4624795719114,999
Sit Biopond,265,270,267.5,0.62486684148102,1.68131821094865,999
Sit Biopond,266,271,268.5,0.521846319928632,2.01323638757035,999
Sit Biopond,267,272,269.5,0.493985587755648,2.12678269577307,999
Sit Biopond,268,273,270.5,0.493985587755648,2.12678269577307,999
Sit Biopond,269,274,271.5,0.48595732720724,2.16191822034605,999
Sit Biopond,270,275,272.5,0.485779525672808,2.16270951013201,999
Sit Biopond,271,276,273.5,0.460537792382549,2.28124600711881,999
Sit Biopond,272,277,274.5,0.427966869952471,2.45486291991873,999
Sit Biopond,273,278,275.5,0.392437437460403,2.67711461678782,999
Sit Biopond,274,279,276.5,0.371439433489627,2.82845574614883,999
Sit Biopond,275,280,277.5,0.362575902352083,2.89760018022324,999
Sit Biopond,276,281,278.5,0.360465610559899,2.91456374539623,999
Sit Biopond,277,282,279.5,0.358459888124225,2.9308718628022,1000
Sit Biopond,278,283,280.5,0.365438260080862,2.87490423079271,999
Sit Biopond,279,284,281.5,0.372937924487001,2.8170908106092,999
Sit Biopond,280,285,282.5,0.422228356247062,2.48822700904828,999
Sit Biopond,281,286,283.5,0.530270914366287,1.98125141609086,999
Sit Biopond,282,287,284.5,0.855314329671163,1.22832035376271,999
Sit Biopond,283,288,285.5,0.920653502318587,1.14114593313788,999
Sit Biopond,284,289,286.5,0.95022072821761,1.10563784687235,999
Sit Biopond,285,290,287.5,0.954761578764802,1.10037942808631,999
Sit Biopond,286,291,288.5,0.970400647281726,1.0826456092573,999
Sit Biopond,287,292,289.5,0.985089787606117,1.06650176787751,999
Sit Biopond,288,293,290.5,0.972769653604538,1.08000904880195,1000
Sit Biopond,289,294,291.5,0.950334555270971,1.10550541824762,999
Sit Biopond,290,295,292.5,0.857242523486633,1.22555749535958,999
Sit Biopond,291,296,293.5,0.38951108126426,2.69722750015225,999
Sit Biopond,292,297,294.5,0.277251359197273,3.78934120662855,999
Sit Biopond,293,298,295.5,0.207030453861146,5.0746157408544,999
Sit Biopond,294,299,296.5,0.146637960142372,7.16458411573623,999
Sit Biopond,295,300,297.5,0.1372080761717,7.65698367992054,999
Sit Biopond,296,301,298.5,0.13318808967657,7.8880927157319,999
Sit Biopond,297,302,299.5,0.139922906647784,7.50842035210563,999
Sit Biopond,298,303,300.5,0.138969441687508,7.5599353875395,999
Sit Biopond,299,304,301.5,0.145233704022823,7.23385805704509,999
Sit Biopond,300,305,302.5,0.156801023443012,6.700211369359,999
Sit Biopond,301,306,303.5,0.39204102720384,2.67982156738342,999
Sit Biopond,302,307,304.5,0.398988262793241,2.63316016527641,999
Sit Biopond,303,308,305.5,0.398988262793241,2.63316016527641,999
Sit Biopond,304,309,306.5,0.161261368548116,6.51489302513767,1000
Sit Biopond,305,310,307.5,0.135961824717462,7.72716902103378,999
Sit Biopond,306,311,308.5,0.0900803194083254,11.6629248974766,999
Sit Biopond,307,312,309.5,0.0852696645167799,12.3209116155635,999
Sit Biopond,308,313,310.5,0.0852696645167799,12.3209116155635,999
Sit Biopond,309,314,311.5,0.0888741997231034,11.8212034907009,999
Sit Biopond,310,315,312.5,0.600034835949563,1.75089834298939,999
Sit Biopond,311,316,313.5,0.773830242458254,1.35766211031314,999
Sit Biopond,312,317,314.5,0.904386529921185,1.16167143720236,999
Sit Biopond,313,318,315.5,0.9355649229796,1.12295787731549,999
Sit Biopond,314,319,316.5,0.814413533882294,1.29000803190464,999
Sit Biopond,315,320,317.5,0.727436388586146,1.44425002298793,1000
Sit Biopond,316,321,318.5,0.589346802843452,1.78265156429307,999
Sit Biopond,317,322,319.5,0.562199076618895,1.86873305861401,999
Sit Biopond,318,323,320.5,0.558319246281053,1.88171911858317,999
Sit Biopond,319,324,321.5,0.583513698812681,1.8004718691913,999
Sit Biopond,320,325,322.5,0.674643421113994,1.55726709417134,999
Sit Biopond,321,326,323.5,0.836155271104626,1.25646520007232,999
Sit Biopond,322,327,324.5,0.8461349549652,1.24164590274279,999
Sit Biopond,323,328,325.5,0.840108933503721,1.2505521106869,999
Sit Biopond,324,329,326.5,0.411324705506206,2.55418647588176,999
Sit Biopond,325,330,327.5,0.3629237794303,2.89482271359893,999
Sit Biopond,326,331,328.5,0.35850694734103,2.93048714339311,999
Sit Biopond,327,332,329.5,0.376810300352093,2.78814034281525,999
Sit Biopond,328,333,330.5,0.412055946565083,2.54965377579877,999
Sit Biopond,329,334,331.5,0.463899110732433,2.26471656378312,999
Sit Biopond,330,335,332.5,0.695907348176619,1.50968372837667,999
Sit Biopond,331,336,333.5,0.74271393741122,1.41454199485208,1000
Sit Biopond,332,337,334.5,0.763025049454244,1.37688795505658,999
Sit Biopond,333,338,335.5,0.638692600199716,1.64492276827927,999
Sit Biopond,334,339,336.5,0.537112283460852,1.95601558994428,999
Sit Biopond,335,340,337.5,0.518601643580803,2.02583237636096,999
Sit Biopond,336,341,338.5,0.164475380218377,6.38758213299217,999
Sit Biopond,337,342,339.5,0.122100967491432,8.60435442555949,999
Sit Biopond,338,343,340.5,0.138969724095062,7.55992002460433,999
Sit Biopond,339,344,341.5,0.15307414070546,6.86334083051643,999
Sit Biopond,340,345,342.5,0.148851565556521,7.05803795930565,999
Chat,0,5,2.5,0.715398879556957,9.96493035790216,1000
Chat,1,6,3.5,0.739601360359706,9.63884111372219,999
Chat,2,7,4.5,0.749914940043421,9.50627813814088,999
Chat,3,8,5.5,0.972755789097351,7.32856085761784,999
Chat,4,9,6.5,0.972755789097351,7.32856085761784,999
Chat,5,10,7.5,0.848444637206659,8.40231605855927,999
Chat,6,11,8.5,0.745220449844655,9.56616260528821,999
Chat,7,12,9.5,0.732392311982595,9.73371768567857,999
Chat,8,13,10.5,0.739335569590819,9.64230627229993,999
Chat,9,14,11.5,1.64486576908884,4.33403146564902,999
Chat,10,15,12.5,2.54529453269989,2.80081535099913,999
Chat,11,16,13.5,2.71896868443806,2.62191342307009,1000
Chat,12,17,14.5,2.32667014267256,3.06399255711052,999
Chat,13,18,15.5,1.20534056508021,5.91442801024921,999
Chat,14,19,16.5,1.18405509290396,6.02075025285857,999
Chat,15,20,17.5,1.18405509290396,6.02075025285857,999
Chat,16,21,18.5,1.88249145844327,3.7869494536221,999
Chat,17,22,19.5,2.10632130691202,3.38452636670677,999
Chat,18,23,20.5,2.39616772990091,2.9550168916221,981
Chat,19,24,21.5,2.30757417535374,3.0705726301734,981
Chat,20,25,22.5,2.55937792952274,2.75645907291938,972
Chat,21,26,23.5,2.87049811777456,2.35053117520721,972
Chat,22,27,24.5,1.91123058017498,3.06147173171465,972
Chat,23,28,25.5,1.25440839143303,5.67803477095739,990
Chat,24,29,26.5,1.22251105670793,5.82495275687516,990
Chat,25,30,27.5,1.22385541952865,5.82495275687516,999
Chat,26,31,28.5,1.23925001752204,5.75259221238882,999
Chat,27,32,29.5,1.28755540989523,5.53677335589306,1000
Chat,28,33,30.5,1.33868760595724,5.32529020831742,999
Chat,29,34,31.5,1.34798159940838,5.2885736742466,999
Chat,30,35,32.5,1.24690768022007,5.71726368606681,999
Chat,31,36,33.5,1.24397490015995,5.7307426372376,999
Chat,32,37,34.5,1.28894330583082,5.53080959243968,999
Chat,33,38,35.5,2.36153381276229,3.01875838553474,999
Chat,34,39,36.5,2.54786246105278,2.79799247760585,999
Chat,35,40,37.5,2.6797059247776,2.66032923019031,999
Chat,36,41,38.5,2.51076274750784,2.83933637579898,999
Chat,37,42,39.5,2.20876316230094,3.22755292268348,999
Chat,38,43,40.5,2.10115396892629,3.39284988412484,999
Chat,39,44,41.5,2.54015241503204,2.80648513758969,999
Chat,40,45,42.5,2.89549604812167,2.46206518037715,999
Chat,41,46,43.5,2.96494542279127,2.40439501692031,999
Chat,42,47,44.5,2.96479529077229,2.40451677125506,999
Chat,43,48,45.5,2.97697481880682,2.39467993650578,1000
Chat,44,49,46.5,2.73132558401557,2.61005133980371,999
Chat,45,50,47.5,2.45612178767781,2.90250265103513,999
Chat,46,51,48.5,2.38461148391052,2.98148747466072,993
Chat,47,52,49.5,2.09700651450512,3.30255248486826,993
Chat,48,53,50.5,1.12307327833959,6.30017197121914,992
Chat,49,54,51.5,1.25313780723984,5.61044398901374,990
Chat,50,55,52.5,1.52265761725691,4.64893751619704,990
Chat,51,56,53.5,1.22891478483595,5.7874119824991,996
Chat,52,57,54.5,1.19439618347696,5.95886592969225,996
Chat,53,58,55.5,1.30355971090775,5.44140894636816,995
Chat,54,59,56.5,1.57878702383092,4.42939615388715,984
Chat,55,60,57.5,1.58686648641312,4.38309991054489,978
Chat,56,61,58.5,1.67394729840216,4.18474867025465,978
Chat,57,62,59.5,1.66564032381883,4.18769868132011,978
Chat,58,63,60.5,1.36687626992006,5.14151328726514,980
Chat,59,64,61.5,1.22497613382325,5.80969323845286,994
Chat,60,65,62.5,1.19725418199636,5.95437469102252,999
Chat,61,66,63.5,1.38878085687526,5.12509714207485,994
Chat,62,67,64.5,1.62723606342828,4.37154051432345,994
Chat,63,68,65.5,3.00575490125579,2.36041216962818,994
Chat,64,69,66.5,4.1409851402812,1.71723870410481,994
Chat,65,70,67.5,3.92346747457126,1.81007215225865,994
Chat,66,71,68.5,3.28811555451482,2.16596901278888,997
Chat,67,72,69.5,2.05281075489998,3.4702544955629,997
Chat,68,73,70.5,1.76138657163159,4.04212654327307,996
Chat,69,74,71.5,1.54354797721095,4.61230728784194,996
Chat,70,75,72.5,1.26148409560458,5.63446308723151,997
Chat,71,76,73.5,1.69818562943341,4.18885190156568,997
Chat,72,77,74.5,2.2999958297427,3.09472104188007,996
Chat,73,78,75.5,2.88238986356416,2.47265756172425,997
Chat,74,79,76.5,2.8822681362745,2.47265756172425,995
Chat,75,80,77.5,3.3794772854427,2.09582254617483,995
Chat,76,81,78.5,3.68337621472142,1.92874296641966,996
Chat,77,82,79.5,4.23527859719562,1.6807293097512,997
Chat,78,83,80.5,3.93805715428731,1.80988107049453,997
Chat,79,84,81.5,3.92730334096186,1.81521501678911,999
Chat,80,85,82.5,3.89968017543112,1.82807299042463,999
Chat,81,86,83.5,3.48531177728866,2.04541733712603,1000
Chat,82,87,84.5,3.16085325660342,2.25537202181304,999
Chat,83,88,85.5,3.08484570162975,2.31094216356875,999
Chat,84,89,86.5,3.14599335695934,2.24315230718268,981
Chat,85,90,87.5,2.48261196495719,2.8314696871666,981
Chat,86,91,88.5,2.05477892803649,3.33495010359608,977
Chat,87,92,89.5,2.22259853609871,3.16873895778776,978
Chat,88,93,90.5,2.00541290509731,3.5183646722994,977
Chat,89,94,91.5,1.63243035155634,4.36565615926157,995
Chat,90,95,92.5,1.59954211837469,4.42899111401899,995
Chat,91,96,93.5,0.905939809222508,7.86906583354377,999
Chat,92,97,94.5,0.860404453442788,8.28552196757548,999
Chat,93,98,95.5,0.859782162358042,8.29151884292209,999
Chat,94,99,96.5,1.00492854800447,7.0939371900183,999
Chat,95,100,97.5,1.75799205870745,4.05513777192001,999
Chat,96,101,98.5,1.94480294266014,3.66561559715091,999
Chat,97,102,99.5,2.25271289319843,3.06903970908152,956
Chat,98,103,100.5,1.90389129224561,3.66760977555672,957
Chat,99,104,101.5,1.34470910238697,5.18322084512047,956
Chat,100,105,102.5,1.16027653598922,5.93536987989018,956
Chat,101,106,103.5,1.16027653598922,5.78019005558267,956
Chat,102,107,104.5,1.74706437954374,4.08050217466043,999
Chat,103,108,105.5,3.0689417034614,2.32291802478993,999
Chat,104,109,106.5,3.05085552731931,2.33668881930438,999
Chat,105,110,107.5,3.3173051364603,2.14086321875197,997
Chat,106,111,108.5,3.44261813040011,2.07067770613102,997
Chat,107,112,109.5,2.6673277382219,2.67166996725279,997
Chat,108,113,110.5,2.25600026724606,3.15339249330028,997
Chat,109,114,111.5,2.28080252324074,3.12514040892065,998
Chat,110,115,112.5,2.28964342777073,3.11354157312649,999
Chat,111,116,113.5,2.24341733723253,3.17769675828314,999
Chat,112,117,114.5,2.24785184944692,3.17142786868007,999
Chat,113,118,115.5,2.29603355882995,3.10487622124864,999
Chat,114,119,116.5,2.35467490773587,3.0275516915644,999
Chat,115,120,117.5,2.3061561000053,3.09124781274938,999
Chat,116,121,118.5,2.16521570914663,3.29246641333934,999
Chat,117,122,119.5,1.97750503623557,3.60499714001779,999
Chat,118,123,120.5,1.87199885403777,3.8081754081331,999
Chat,119,124,121.5,1.87984294690413,3.79228488834156,999
Chat,120,125,122.5,1.9539618112034,3.64843363832658,999
Chat,121,126,123.5,2.06856504189224,3.44630207686327,999
Chat,122,127,124.5,2.11104517868165,3.37695283454426,999
Chat,123,128,125.5,2.06756787938946,3.44796418587482,999
Chat,124,129,126.5,1.69877494141394,4.19649467755064,999
Chat,125,130,127.5,1.63438648600505,4.36182021709832,1000
Chat,126,131,128.5,1.63525402280585,4.35950616881399,999
Chat,127,132,129.5,1.68015341228708,4.24300539930811,999
Chat,128,133,130.5,1.7959705236659,3.96938585910009,999
Chat,129,134,131.5,1.95848950931876,3.63999907381669,999
Chat,130,135,132.5,2.02141438741329,3.52668905712228,999
Chat,131,136,133.5,1.99198610727895,3.5787900196443,999
Chat,132,137,134.5,2.00497087297832,3.55561275032901,999
Chat,133,138,135.5,1.99995407539727,3.56453184985455,999
Chat,134,139,136.5,1.97782185308411,3.60441967454427,999
Chat,135,140,137.5,2.01640963428187,3.53544234207098,999
Chat,136,141,138.5,2.18692682804023,3.25293721572357,996
Chat,137,142,139.5,3.32990815813415,2.13443919054514,995
Chat,138,143,140.5,4.40331378035845,1.61773081677909,995
Chat,139,144,141.5,4.71852149782657,1.50943237320356,993
Chat,140,145,142.5,4.25781214159982,1.6712797757546,992
Chat,141,146,143.5,3.26518388602929,2.18036326627158,996
Chat,142,147,144.5,2.84664889519043,2.5016999520838,996
Chat,143,148,145.5,1.96895746785183,3.61484976084545,996
Chat,144,149,146.5,1.97239074864561,3.61383973090324,998
Chat,145,150,147.5,1.93815734902497,3.67818433502643,999
Chat,146,151,148.5,2.06235766557373,3.45667491095285,999
Chat,147,152,149.5,2.1461762712392,3.30047383982782,967
Chat,148,153,150.5,2.21522309213278,3.18061129422091,924
Chat,149,154,151.5,2.04616644114519,3.36131060927055,924
Chat,150,155,152.5,1.99941318920094,3.26405360211427,924
Chat,151,156,153.5,2.23111912523894,2.91343566968744,924
Chat,152,157,154.5,1.81041775897407,3.7732898183413,957
Chat,153,158,155.5,1.81699035738769,3.92346606079369,999
Chat,154,159,156.5,1.99552948595638,3.57243531111412,999
Chat,155,160,157.5,2.0287712948752,3.51390026959077,999
Chat,156,161,158.5,2.04252633666441,3.49023651349436,999
Chat,157,162,159.5,2.12135701157916,3.36053759979475,999
Chat,158,163,160.5,2.21529181571733,3.21804107296036,1000
Chat,159,164,161.5,2.28869135865963,3.11483677037826,999
Chat,160,165,162.5,2.35499281737681,3.0271429905849,999
Chat,161,166,163.5,2.38740581016637,2.98604450472675,999
Chat,162,167,164.5,2.42141826096031,2.93146194877547,967
Chat,163,168,165.5,2.43689162672859,2.85317960840811,864
Chat,164,169,166.5,2.39366892578948,2.87657534724836,862
Chat,165,170,167.5,2.17351529922406,3.07265904431851,862
Chat,166,171,168.5,2.02391390456246,3.35013990463902,862
Chat,167,172,169.5,1.99807385283255,3.48058099081581,894
Chat,168,173,170.5,2.03412657572274,3.49954904907607,997
Chat,169,174,171.5,2.13660220351667,3.33655932221095,999
Chat,170,175,172.5,2.2202573822228,3.2108439575879,999
Chat,171,176,173.5,2.34522110395077,3.03975603323313,999
Chat,172,177,174.5,2.52494322743821,2.8233902142952,999
Chat,173,178,175.5,2.60024737052871,2.74162377041477,999
Chat,174,179,176.5,2.5964069139466,2.74567979851819,1000
Chat,175,180,177.5,2.51639806129233,2.83297786215065,999
Chat,176,181,178.5,1.67988541541595,4.23461073290744,998
Chat,177,182,179.5,1.46095917727249,4.851375688316,992
Chat,178,183,180.5,1.65843585932846,4.24707853012604,992
Chat,179,184,181.5,2.22356464083723,3.18805892023149,992
Chat,180,185,182.5,2.43968030165808,2.92054564062991,992
Chat,181,186,183.5,2.50457089503185,2.844047206425,993
Chat,182,187,184.5,2.47189014709719,2.8839873844603,999
Chat,183,188,185.5,2.531409613456,2.8161779753484,999
Chat,184,189,186.5,2.94028841468469,2.42455806865617,999
Chat,185,190,187.5,2.81975470985269,2.52820119795108,1000
Chat,186,191,188.5,2.46003073583043,2.89789062232733,999
Chat,187,192,189.5,2.65080926808552,2.68576066740438,995
Chat,188,193,190.5,2.1995557313195,3.2342296961858,995
Chat,189,194,191.5,1.96007346667107,3.61978570359212,989
Chat,190,195,192.5,2.22764811910265,3.18217677358118,989
Chat,191,196,193.5,2.51187691663964,2.82646236117683,989
Chat,192,197,194.5,2.50202395203126,2.83807695861824,993
Chat,193,198,195.5,2.35435361416815,3.02141874179302,993
Chat,194,199,196.5,2.30129675013702,3.09777519981965,999
Chat,195,200,197.5,2.23477523693565,3.18998523080793,999
Chat,196,201,198.5,2.33877036575688,3.04814071225376,1000
Chat,197,202,199.5,2.44009617799901,2.90194310851493,984
Chat,198,203,200.5,2.74053997001981,2.58973547402764,984
Chat,199,204,201.5,2.92092018971278,2.41825805814507,977
Chat,200,205,202.5,2.84752008343262,2.47339817503955,977
Chat,201,206,203.5,2.55126777688285,2.77497579139402,977
Chat,202,207,204.5,2.42020145634749,2.94360418350822,992
Chat,203,208,205.5,2.33003328519497,3.05731821102083,992
Chat,204,209,206.5,2.36221161604034,3.01789219542906,999
Chat,205,210,207.5,2.3276997388076,3.06263728140979,999
Chat,206,211,208.5,2.25865315570942,3.15626150123119,999
Chat,207,212,209.5,2.2552719170566,3.16099355739954,999
Chat,208,213,210.5,2.2390894925587,3.18383879862413,999
Chat,209,214,211.5,2.19763786112087,3.24389205615707,999
Chat,210,215,212.5,2.1803552001687,3.26960487880526,999
Chat,211,216,213.5,2.23103974541567,3.19532631126291,999
Chat,212,217,214.5,2.22081525267771,3.21003779761939,1000
Chat,213,218,215.5,2.2492162203354,3.16950408571078,999
Chat,214,219,216.5,2.30703068522364,3.09007593425613,999
Chat,215,220,217.5,2.33088310502378,3.05845453366366,999
Chat,216,221,218.5,2.28980237057224,3.11332545184606,999
Chat,217,222,219.5,2.32430381843372,3.06711194270805,999
Chat,218,223,220.5,2.40708779481713,2.96162857680129,999
Chat,219,224,221.5,2.44603963624635,2.9144662638991,999
Chat,220,225,222.5,2.54416300333449,2.79845187303958,991
Chat,221,226,223.5,2.70212266763358,2.62616026453918,991
Chat,222,227,224.5,2.67258878617705,2.66022659033645,991
Chat,223,228,225.5,2.65379711293842,2.67482394550199,992
Chat,224,229,226.5,2.40191828842576,2.95896137708599,991
Chat,225,230,227.5,2.22769569782592,3.19706321849635,998
Chat,226,231,228.5,2.19291667281283,3.24777421821766,998
Chat,227,232,229.5,2.18649276533215,3.26023773509118,998
Chat,228,233,230.5,2.22548073590093,3.20323361728108,998
Chat,229,234,231.5,2.44080028708421,2.92070188515339,998
Chat,230,235,232.5,2.55780643482423,2.78711473352357,999
Chat,231,236,233.5,2.60657113520108,2.72647383638002,985
Chat,232,237,234.5,2.49084266999213,2.84845883625467,985
Chat,233,238,235.5,2.32194995028514,3.04948232908309,985
Chat,234,239,236.5,1.89357755072084,3.74080787867827,986
Chat,235,240,237.5,1.83218208902554,3.87169609560859,985
Chat,236,241,238.5,1.87946456248726,3.7930483725459,999
Chat,237,242,239.5,2.17071827429347,3.28412032294718,999
Chat,238,243,240.5,2.13774860290111,3.32950544928876,996
Chat,239,244,241.5,2.19771357406708,3.23962010234007,996
Chat,240,245,242.5,2.49749248486959,2.85190581098295,996
Chat,241,246,243.5,2.51112066085431,2.82383723587387,996
Chat,242,247,244.5,2.53819152226857,2.80777832612547,996
Chat,243,248,245.5,2.73337251787503,2.60809675716727,999
Chat,244,249,246.5,2.79477501123311,2.5507956709741,999
Chat,245,250,247.5,2.98911041339794,2.38495706550233,999
Chat,246,251,248.5,2.96439136258116,2.40484441089206,999
Chat,247,252,249.5,3.14079861859707,2.26977303090649,999
Chat,248,253,250.5,3.39684686074464,2.09868159862739,999
Chat,249,254,251.5,3.57364998443143,1.99485121124256,999
Chat,250,255,252.5,3.4320786775925,2.0771378049983,1000
Chat,251,256,253.5,3.34512240825227,2.13113277481665,999
Chat,252,257,254.5,3.27798524947374,2.17084874780597,994
Chat,253,258,255.5,3.37051708764801,2.11186634026232,994
Chat,254,259,256.5,3.37989533972469,2.10638920579984,994
Chat,255,260,257.5,3.2737510058193,2.17114075877287,994
Chat,256,261,258.5,2.665426979099,2.63386144917324,994
Chat,257,262,259.5,3.09576781577361,2.30278897651068,999
Chat,258,263,260.5,3.28348126264704,2.17114075877287,999
Chat,259,264,261.5,3.42887039022794,2.07908121004425,999
Chat,260,265,262.5,2.94746189385788,2.4186572233065,999
Chat,261,266,263.5,3.13424910636076,2.27451701117472,1000
Chat,262,267,264.5,2.90764397584398,2.45177884886362,999
Chat,263,268,265.5,2.80805241399947,2.53873466337703,999
Chat,264,269,266.5,2.80036555935593,2.54570335511468,999
Chat,265,270,267.5,3.64442169269615,1.95611282149021,999
Chat,266,271,268.5,3.63772313733037,1.95971483559128,999
Chat,267,272,269.5,3.1258553866778,2.28062373914767,999
Chat,268,273,270.5,2.65485777556906,2.68522858949457,999
Chat,269,274,271.5,2.46307795655071,2.89430546891147,999
Chat,270,275,272.5,2.35864863734436,3.02245102857988,999
Chat,271,276,273.5,2.58111431297587,2.7619466383807,999
Chat,272,277,274.5,2.64921460798679,2.69094873101114,1000
Chat,273,278,275.5,2.76940832056434,2.57415995577976,999
Chat,274,279,276.5,2.94690712025995,2.41911255057511,999
Chat,275,280,277.5,2.99724223463038,2.37848643584162,999
Chat,276,281,278.5,2.98758262399184,2.38617668437058,999
Chat,277,282,279.5,2.93443283842266,2.42939620449176,999
Chat,278,283,280.5,2.87591841024781,2.47882553781688,999
Chat,279,284,281.5,2.86981506962121,2.48409734671195,999
Chat,280,285,282.5,2.93365947399433,2.43003663621996,999
Chat,281,286,283.5,3.1751662398879,2.24520527789804,999
Chat,282,287,284.5,3.28230302240895,2.1719201278278,999
Chat,283,288,285.5,3.28261387946339,2.1717144512791,999
Chat,284,289,286.5,3.2436911729952,2.19777396176012,999
Chat,285,290,287.5,3.01730398014697,2.36267212283091,999
Chat,286,291,288.5,2.79359311467327,2.5518748462529,999
Chat,287,292,289.5,2.80776656161206,2.53899312623304,999
Chat,288,293,290.5,2.81421300991832,2.53317713253112,1000
Chat,289,294,291.5,2.82606674110718,2.52255189033756,999
Chat,290,295,292.5,2.82614873492807,2.52247870463953,999
Chat,291,296,293.5,2.90541923414386,2.45365622841024,999
Chat,292,297,294.5,3.09704465014353,2.30183959397215,999
Chat,293,298,295.5,3.08427587006003,2.31136911882699,999
Chat,294,299,296.5,2.80219005662057,2.5440458555468,999
Chat,295,300,297.5,2.57504505478773,2.76845641467336,999
Chat,296,301,298.5,2.20870875961839,3.22763242050604,999
Chat,297,302,299.5,1.92975080456539,3.69420755422644,999
Chat,298,303,300.5,1.85284338960504,3.84754590700708,999
Chat,299,304,301.5,1.73912519424492,4.09913017897612,1000
Chat,300,305,302.5,1.88655134617827,3.77879987970725,999
Chat,301,306,303.5,2.1225521778566,3.35730430717298,998
Chat,302,307,304.5,2.56142442622751,2.78202730500445,997
Chat,303,308,305.5,3.12452944762896,2.27900741956054,997
Chat,304,309,306.5,3.3443183077193,2.13123384552451,997
Chat,305,310,307.5,2.1526745025063,3.29652250477169,993
Chat,306,311,308.5,1.7265236929289,4.11193119014571,994
Chat,307,312,309.5,1.39734141628437,5.08087135240787,995
Chat,308,313,310.5,1.20583941045797,5.90668343846101,995
Chat,309,314,311.5,1.0555761474129,6.73263201178044,995
Chat,310,315,312.5,1.03803204131618,6.86770725918492,1000
Chat,311,316,313.5,1.06257363713929,6.70908796419302,999
Chat,312,317,314.5,1.08999202602207,6.53891866496644,997
Chat,313,318,315.5,1.08678993567003,6.55744454880342,997
Chat,314,319,316.5,1.1171486901706,6.37951860684092,997
Chat,315,320,317.5,1.2146090667818,5.86195202370643,996
Chat,316,321,318.5,1.19951645913275,5.90470746449478,993
Chat,317,322,319.5,1.1690167887631,6.09264246704772,993
Chat,318,323,320.5,1.61026189803788,4.41413308848648,993
Chat,319,324,321.5,1.96778705660647,3.61659546049945,993
Chat,320,325,322.5,2.23587233962315,3.18573992814179,994
Chat,321,326,323.5,3.98534774162481,1.78843670212281,997
Chat,322,327,324.5,4.53001036244657,1.57370500939645,999
Chat,323,328,325.5,4.5524353333519,1.56531364239294,998
Chat,324,329,326.5,3.87966244309568,1.83746438994089,998
Chat,325,330,327.5,1.58688439059097,4.4870901212775,998
Chat,326,331,328.5,1.42842690217057,4.98975363481485,999
Chat,327,332,329.5,1.29869720140491,5.48915463979911,998
Chat,328,333,330.5,1.30296762165313,5.4712794712084,999
Chat,329,334,331.5,1.17720376907738,6.05579100854153,999
Chat,330,335,332.5,1.16748771109191,6.10618846971209,999
Chat,331,336,333.5,1.34774434379057,5.28950466966884,999
Chat,332,337,334.5,1.56783223798917,4.5469788331073,999
Chat,333,338,335.5,4.78020226357209,1.4913275313541,998
Chat,334,339,336.5,4.78020226357209,1.4913275313541,998
Chat,335,340,337.5,4.76526268237768,1.49134960543436,998
Chat,336,341,338.5,1.17476749387174,6.06759460686937,998
Chat,337,342,339.5,1.12146679844401,6.35583619226126,999
Chat,338,343,340.5,1.09200419566883,6.52827162045263,999
